sample_id,timestamp,species,behavior,latitude,longitude,temperature,weather,vegetation_type,time_of_day
S0000,2025-05-28 16:21:00,Leopard,Grazing,24.49111,78.4894,19.0,Rainy,Grassland,Evening
S0001,2025-05-21 07:09:00,Peacock,Hunting,24.60644,78.3134,30.5,Windy,Grassland,Morning
S0002,2025-05-26 14:55:00,Deer,Resting,24.41096,78.36023,27.4,Windy,Desert,Night
S0003,2025-05-04 13:01:00,Fox,Running,24.37788,78.68094,32.3,Rainy,Savanna,Night
S0004,2025-05-26 10:27:00,Wolf,Running,24.45122,78.56483,32.6,Rainy,Grassland,Afternoon
S0005,2025-05-30 05:10:00,Tiger,Resting,24.49469,78.36676,29.8,Windy,Grassland,Morning
S0006,2025-05-09 09:08:00,Tiger,Socializing,24.38303,78.38407,23.7,Windy,Grassland,Evening
S0007,2025-05-30 15:59:00,Deer,Hunting,24.62687,78.48979,30.9,Cloudy,Wetland,Morning
S0008,2025-05-05 18:50:00,Wolf,Resting,24.58129,78.64464,24.4,Sunny,Forest,Morning
S0009,2025-05-13 18:27:00,Monkey,Resting,24.64621,78.58716,23.4,Rainy,Forest,Morning
S0010,2025-05-08 00:46:00,Tiger,Resting,24.30046,78.51473,30.5,Rainy,Wetland,Evening
S0011,2025-05-26 15:05:00,Wolf,Playing,24.60083,78.45629,21.9,Cloudy,Savanna,Evening
S0012,2025-05-15 21:41:00,Tiger,Grazing,24.36735,78.32164,34.9,Sunny,Savanna,Night
S0013,2025-05-06 04:38:00,Leopard,Running,24.48125,78.69011,31.2,Rainy,Grassland,Evening
S0014,2025-05-28 16:51:00,Monkey,Hunting,24.31099,78.69535,29.8,Windy,Grassland,Evening
S0015,2025-05-25 17:32:00,Peacock,Hunting,24.49682,78.59182,24.9,Cloudy,Savanna,Evening
S0016,2025-05-10 06:46:00,Peacock,Playing,24.37037,78.56061,31.9,Foggy,Wetland,Afternoon
S0017,2025-05-17 22:19:00,Deer,Running,24.33201,78.40545,27.8,Cloudy,Savanna,Morning
S0018,2025-05-25 21:44:00,Wolf,Resting,24.51396,78.45407,34.6,Windy,Wetland,Evening
S0019,2025-05-25 04:18:00,Leopard,Alert,24.34238,78.55583,29.5,Sunny,Savanna,Evening
S0020,2025-05-06 07:34:00,Monkey,Hunting,24.69335,78.36108,29.6,Cloudy,Forest,Night
S0021,2025-05-27 14:26:00,Elephant,Resting,24.59162,78.57892,22.1,Rainy,Desert,Afternoon
S0022,2025-05-24 04:21:00,Boar,Socializing,24.62701,78.69282,19.5,Windy,Desert,Morning
S0023,2025-05-30 06:02:00,Boar,Hunting,24.55405,78.3993,27.3,Sunny,Grassland,Afternoon
S0024,2025-05-05 06:58:00,Fox,Socializing,24.53222,78.56565,30.1,Cloudy,Desert,Evening
S0025,2025-05-26 19:39:00,Peacock,Hunting,24.45445,78.35674,30.2,Rainy,Grassland,Morning
S0026,2025-05-08 00:50:00,Fox,Playing,24.36179,78.55946,20.4,Foggy,Forest,Evening
S0027,2025-05-22 17:36:00,Leopard,Alert,24.65748,78.34614,20.7,Sunny,Desert,Evening
S0028,2025-05-25 10:02:00,Deer,Playing,24.39537,78.31389,34.2,Cloudy,Grassland,Night
S0029,2025-05-20 10:44:00,Leopard,Resting,24.61044,78.69875,24.2,Rainy,Grassland,Evening
S0030,2025-05-03 04:05:00,Fox,Running,24.38252,78.38966,22.7,Windy,Wetland,Night
S0031,2025-05-05 21:37:00,Peacock,Hunting,24.69148,78.35495,34.6,Cloudy,Savanna,Night
S0032,2025-05-14 13:41:00,Monkey,Socializing,24.37612,78.64148,31.1,Rainy,Grassland,Afternoon
S0033,2025-05-11 07:30:00,Peacock,Hunting,24.53719,78.69222,24.4,Windy,Savanna,Evening
S0034,2025-05-13 19:31:00,Wolf,Playing,24.31491,78.46193,24.5,Foggy,Forest,Night
S0035,2025-05-10 01:19:00,Peacock,Running,24.47112,78.56883,27.6,Cloudy,Grassland,Night
S0036,2025-05-19 14:44:00,Wolf,Running,24.37109,78.48108,26.1,Rainy,Forest,Morning
S0037,2025-05-18 07:32:00,Rabbit,Alert,24.31833,78.50421,30.9,Windy,Grassland,Afternoon
S0038,2025-05-19 09:13:00,Deer,Hunting,24.58619,78.69335,18.5,Sunny,Savanna,Afternoon
S0039,2025-05-08 06:03:00,Fox,Socializing,24.41197,78.64893,25.0,Cloudy,Wetland,Afternoon
S0040,2025-05-17 21:55:00,Wolf,Running,24.36879,78.67511,28.4,Sunny,Savanna,Afternoon
S0041,2025-05-09 19:22:00,Fox,Playing,24.39407,78.34677,30.8,Foggy,Wetland,Morning
S0042,2025-05-21 22:03:00,Elephant,Grazing,24.37454,78.60881,26.9,Sunny,Savanna,Afternoon
S0043,2025-05-06 05:03:00,Peacock,Playing,24.51467,78.565,24.3,Foggy,Wetland,Morning
S0044,2025-05-29 08:57:00,Boar,Resting,24.35831,78.50796,34.6,Sunny,Forest,Evening
S0045,2025-05-17 11:56:00,Rabbit,Resting,24.34084,78.66094,30.6,Rainy,Wetland,Afternoon
S0046,2025-05-01 18:51:00,Fox,Resting,24.63645,78.54978,19.9,Cloudy,Wetland,Afternoon
S0047,2025-05-22 02:08:00,Boar,Grazing,24.54631,78.45133,30.8,Rainy,Forest,Afternoon
S0048,2025-05-11 12:37:00,Elephant,Hunting,24.62234,78.36517,33.7,Sunny,Grassland,Morning
S0049,2025-05-08 11:48:00,Leopard,Alert,24.42716,78.6345,33.2,Cloudy,Grassland,Morning
S0050,2025-05-14 20:26:00,Boar,Playing,24.64367,78.59284,19.7,Foggy,Grassland,Morning
S0051,2025-05-08 01:29:00,Boar,Alert,24.6248,78.6909,25.9,Cloudy,Wetland,Night
S0052,2025-05-28 02:34:00,Leopard,Socializing,24.4053,78.51233,33.0,Cloudy,Forest,Morning
S0053,2025-05-09 12:08:00,Peacock,Socializing,24.4158,78.56894,21.5,Windy,Wetland,Evening
S0054,2025-05-15 22:42:00,Monkey,Resting,24.63744,78.41376,19.3,Sunny,Forest,Afternoon
S0055,2025-05-17 00:19:00,Wolf,Playing,24.38081,78.35939,30.1,Rainy,Forest,Afternoon
S0056,2025-05-03 17:31:00,Deer,Alert,24.64859,78.33068,30.7,Windy,Wetland,Night
S0057,2025-05-16 20:17:00,Peacock,Playing,24.68794,78.30306,22.6,Rainy,Desert,Evening
S0058,2025-05-28 20:43:00,Monkey,Grazing,24.62666,78.68365,21.5,Sunny,Wetland,Afternoon
S0059,2025-05-21 18:50:00,Deer,Hunting,24.67319,78.3438,29.3,Sunny,Savanna,Afternoon
S0060,2025-05-22 00:02:00,Elephant,Playing,24.54652,78.32237,32.4,Foggy,Forest,Night
S0061,2025-05-09 06:20:00,Leopard,Hunting,24.50545,78.69767,27.7,Cloudy,Desert,Morning
S0062,2025-05-10 18:10:00,Monkey,Playing,24.67406,78.33427,31.8,Foggy,Grassland,Evening
S0063,2025-05-22 19:23:00,Boar,Alert,24.30478,78.53225,22.6,Windy,Grassland,Evening
S0064,2025-05-26 00:14:00,Wolf,Running,24.59779,78.61654,20.3,Cloudy,Forest,Afternoon
S0065,2025-05-03 00:37:00,Elephant,Socializing,24.35564,78.42689,20.0,Cloudy,Grassland,Evening
S0066,2025-05-20 21:10:00,Elephant,Grazing,24.48108,78.64976,32.5,Sunny,Desert,Morning
S0067,2025-05-30 07:47:00,Peacock,Hunting,24.4048,78.67859,23.1,Sunny,Savanna,Evening
S0068,2025-05-14 14:18:00,Monkey,Grazing,24.47072,78.43227,25.4,Windy,Grassland,Afternoon
S0069,2025-05-03 23:45:00,Monkey,Resting,24.34329,78.43374,23.4,Sunny,Forest,Morning
S0070,2025-05-22 21:55:00,Peacock,Playing,24.53171,78.40873,34.2,Foggy,Wetland,Morning
S0071,2025-05-17 07:37:00,Monkey,Hunting,24.60983,78.30197,23.2,Sunny,Grassland,Morning
S0072,2025-05-26 19:04:00,Tiger,Playing,24.49424,78.41485,27.1,Cloudy,Grassland,Evening
S0073,2025-05-25 18:55:00,Fox,Resting,24.34125,78.63397,25.0,Rainy,Desert,Evening
S0074,2025-05-18 21:26:00,Rabbit,Resting,24.33486,78.63607,20.9,Windy,Wetland,Afternoon
S0075,2025-05-08 18:10:00,Peacock,Alert,24.40545,78.50248,19.0,Cloudy,Grassland,Morning
S0076,2025-05-06 17:36:00,Peacock,Hunting,24.56098,78.3027,21.8,Rainy,Forest,Morning
S0077,2025-05-26 00:37:00,Monkey,Grazing,24.68086,78.40254,28.7,Foggy,Savanna,Night
S0078,2025-05-01 12:29:00,Leopard,Resting,24.49444,78.57188,27.9,Foggy,Savanna,Afternoon
S0079,2025-05-04 10:31:00,Monkey,Resting,24.52605,78.60139,21.1,Cloudy,Desert,Afternoon
S0080,2025-05-01 11:00:00,Wolf,Playing,24.53775,78.57693,19.0,Cloudy,Grassland,Night
S0081,2025-05-14 01:24:00,Tiger,Socializing,24.4159,78.61282,21.4,Rainy,Desert,Afternoon
S0082,2025-05-22 05:43:00,Boar,Alert,24.31209,78.47683,20.4,Foggy,Savanna,Afternoon
S0083,2025-05-04 14:48:00,Leopard,Resting,24.55027,78.62381,34.6,Rainy,Grassland,Afternoon
S0084,2025-05-28 12:59:00,Monkey,Alert,24.61249,78.53363,21.0,Cloudy,Desert,Night
S0085,2025-05-06 00:09:00,Deer,Grazing,24.46883,78.69175,30.9,Sunny,Grassland,Night
S0086,2025-05-01 06:26:00,Peacock,Playing,24.44835,78.46801,29.5,Sunny,Forest,Morning
S0087,2025-05-09 05:04:00,Fox,Alert,24.34073,78.37732,33.8,Foggy,Grassland,Afternoon
S0088,2025-05-27 21:38:00,Monkey,Alert,24.48622,78.65511,20.5,Cloudy,Savanna,Night
S0089,2025-05-12 02:56:00,Rabbit,Playing,24.53624,78.4819,34.5,Rainy,Wetland,Afternoon
S0090,2025-05-06 19:32:00,Elephant,Hunting,24.65484,78.3363,33.6,Cloudy,Savanna,Morning
S0091,2025-05-24 13:36:00,Tiger,Socializing,24.45377,78.56322,30.4,Sunny,Savanna,Morning
S0092,2025-05-27 12:04:00,Fox,Running,24.51701,78.33761,31.5,Rainy,Desert,Night
S0093,2025-05-22 13:09:00,Boar,Hunting,24.64863,78.55934,19.7,Cloudy,Wetland,Evening
S0094,2025-05-25 16:15:00,Peacock,Hunting,24.59284,78.59915,19.5,Windy,Desert,Afternoon
S0095,2025-05-28 11:10:00,Peacock,Resting,24.63114,78.64416,23.3,Rainy,Savanna,Afternoon
S0096,2025-05-08 15:27:00,Tiger,Playing,24.45701,78.66426,28.2,Cloudy,Savanna,Evening
S0097,2025-05-28 14:42:00,Fox,Grazing,24.52016,78.4731,26.1,Foggy,Grassland,Evening
S0098,2025-05-15 12:57:00,Boar,Hunting,24.56986,78.36967,23.4,Rainy,Savanna,Evening
S0099,2025-05-09 00:36:00,Rabbit,Playing,24.4564,78.69343,23.2,Rainy,Savanna,Afternoon
S0100,2025-05-13 07:20:00,Wolf,Hunting,24.61366,78.69712,23.2,Sunny,Savanna,Night
S0101,2025-05-06 14:14:00,Monkey,Alert,24.34921,78.43294,28.0,Rainy,Wetland,Evening
S0102,2025-05-17 14:53:00,Rabbit,Grazing,24.40606,78.67249,25.6,Cloudy,Forest,Night
S0103,2025-05-19 09:44:00,Peacock,Playing,24.31269,78.50112,22.1,Cloudy,Grassland,Morning
S0104,2025-05-16 23:07:00,Wolf,Socializing,24.43845,78.50643,18.6,Rainy,Desert,Afternoon
S0105,2025-05-10 12:22:00,Rabbit,Alert,24.41505,78.68914,24.6,Foggy,Wetland,Night
S0106,2025-05-25 06:03:00,Peacock,Playing,24.38736,78.44501,27.4,Rainy,Grassland,Evening
S0107,2025-05-25 11:06:00,Deer,Resting,24.34546,78.66622,21.1,Sunny,Desert,Evening
S0108,2025-05-15 01:07:00,Deer,Running,24.67999,78.60659,25.3,Foggy,Forest,Afternoon
S0109,2025-05-28 19:23:00,Tiger,Hunting,24.40148,78.43216,33.6,Rainy,Desert,Afternoon
S0110,2025-05-27 10:03:00,Tiger,Playing,24.57398,78.46828,21.1,Sunny,Savanna,Evening
S0111,2025-05-29 23:45:00,Peacock,Playing,24.63927,78.54521,29.2,Sunny,Savanna,Evening
S0112,2025-05-14 15:13:00,Rabbit,Running,24.33713,78.36484,27.7,Rainy,Grassland,Afternoon
S0113,2025-05-19 08:11:00,Leopard,Socializing,24.64971,78.62009,31.6,Cloudy,Savanna,Evening
S0114,2025-05-02 10:12:00,Monkey,Alert,24.68744,78.56058,20.2,Sunny,Desert,Afternoon
S0115,2025-05-30 18:05:00,Boar,Resting,24.51002,78.31536,25.2,Windy,Grassland,Morning
S0116,2025-05-27 16:10:00,Leopard,Grazing,24.69755,78.48976,30.3,Foggy,Grassland,Morning
S0117,2025-05-02 13:28:00,Elephant,Alert,24.4191,78.30262,26.2,Rainy,Forest,Night
S0118,2025-05-19 16:38:00,Deer,Resting,24.59632,78.52936,31.2,Foggy,Grassland,Night
S0119,2025-05-16 15:22:00,Wolf,Playing,24.66122,78.65861,24.9,Sunny,Grassland,Morning
S0120,2025-05-12 04:09:00,Rabbit,Hunting,24.57882,78.37466,21.0,Cloudy,Desert,Morning
S0121,2025-05-18 09:52:00,Tiger,Socializing,24.38321,78.31991,30.0,Rainy,Savanna,Evening
S0122,2025-05-16 10:27:00,Peacock,Socializing,24.56162,78.37358,26.5,Windy,Wetland,Afternoon
S0123,2025-05-20 14:52:00,Boar,Playing,24.62879,78.45818,31.7,Rainy,Forest,Night
S0124,2025-05-15 21:08:00,Peacock,Grazing,24.43665,78.35909,24.8,Rainy,Grassland,Morning
S0125,2025-05-12 20:10:00,Leopard,Resting,24.63731,78.37435,31.2,Cloudy,Forest,Night
S0126,2025-05-20 10:26:00,Deer,Hunting,24.61889,78.42707,26.7,Rainy,Desert,Evening
S0127,2025-05-15 08:33:00,Deer,Hunting,24.44703,78.63213,26.9,Cloudy,Grassland,Night
S0128,2025-05-14 01:33:00,Boar,Grazing,24.60585,78.64781,21.6,Sunny,Grassland,Night
S0129,2025-05-04 12:40:00,Fox,Alert,24.66066,78.5449,33.0,Foggy,Savanna,Evening
S0130,2025-05-11 23:41:00,Tiger,Hunting,24.53244,78.30551,31.9,Windy,Wetland,Morning
S0131,2025-05-12 04:02:00,Rabbit,Running,24.46577,78.63237,19.1,Windy,Savanna,Morning
S0132,2025-05-05 06:22:00,Tiger,Alert,24.38625,78.40005,30.3,Sunny,Forest,Morning
S0133,2025-05-15 05:32:00,Deer,Hunting,24.66452,78.64423,21.5,Cloudy,Forest,Evening
S0134,2025-05-22 14:28:00,Deer,Resting,24.54697,78.66683,28.4,Rainy,Desert,Night
S0135,2025-05-25 02:43:00,Elephant,Playing,24.44759,78.39947,29.6,Rainy,Forest,Evening
S0136,2025-05-22 09:46:00,Peacock,Grazing,24.42326,78.46381,28.6,Windy,Forest,Afternoon
S0137,2025-05-19 23:57:00,Rabbit,Resting,24.61987,78.60752,33.8,Cloudy,Savanna,Morning
S0138,2025-05-15 22:27:00,Rabbit,Grazing,24.34726,78.43742,22.3,Windy,Savanna,Evening
S0139,2025-05-02 08:16:00,Fox,Running,24.51274,78.6431,20.8,Rainy,Desert,Afternoon
S0140,2025-05-02 01:52:00,Peacock,Hunting,24.30174,78.32874,25.0,Windy,Savanna,Morning
S0141,2025-05-08 18:55:00,Leopard,Hunting,24.49619,78.52229,33.9,Windy,Grassland,Morning
S0142,2025-05-27 19:05:00,Rabbit,Running,24.37396,78.49394,22.1,Rainy,Savanna,Evening
S0143,2025-05-02 00:10:00,Fox,Resting,24.38084,78.59947,28.3,Windy,Grassland,Evening
S0144,2025-05-11 13:53:00,Deer,Socializing,24.50796,78.32036,28.2,Windy,Wetland,Night
S0145,2025-05-26 21:52:00,Fox,Resting,24.6273,78.39695,23.6,Foggy,Savanna,Night
S0146,2025-05-13 15:03:00,Monkey,Resting,24.42384,78.43003,31.2,Windy,Desert,Morning
S0147,2025-05-07 07:43:00,Leopard,Running,24.44857,78.61277,32.8,Windy,Wetland,Morning
S0148,2025-05-09 11:26:00,Peacock,Playing,24.40872,78.66403,34.6,Sunny,Grassland,Morning
S0149,2025-05-17 17:13:00,Elephant,Grazing,24.38182,78.55895,19.6,Cloudy,Grassland,Afternoon
S0150,2025-05-15 01:45:00,Elephant,Alert,24.58393,78.39565,33.5,Foggy,Savanna,Morning
S0151,2025-05-17 14:47:00,Rabbit,Socializing,24.39112,78.58683,34.4,Foggy,Desert,Afternoon
S0152,2025-05-17 21:16:00,Leopard,Alert,24.48316,78.50006,28.3,Windy,Grassland,Night
S0153,2025-05-26 22:28:00,Leopard,Hunting,24.68071,78.36317,19.4,Rainy,Grassland,Morning
S0154,2025-05-09 12:15:00,Leopard,Resting,24.32333,78.55719,18.5,Rainy,Grassland,Afternoon
S0155,2025-05-20 16:36:00,Tiger,Running,24.54666,78.31678,20.3,Windy,Forest,Morning
S0156,2025-05-24 04:01:00,Leopard,Playing,24.53218,78.6987,18.8,Foggy,Grassland,Afternoon
S0157,2025-05-30 12:03:00,Wolf,Resting,24.57996,78.6476,18.9,Cloudy,Savanna,Evening
S0158,2025-05-09 22:43:00,Boar,Grazing,24.47337,78.68553,26.1,Foggy,Wetland,Evening
S0159,2025-05-09 02:38:00,Leopard,Running,24.45207,78.53855,26.4,Windy,Wetland,Night
S0160,2025-05-04 02:50:00,Rabbit,Hunting,24.34884,78.68827,30.6,Windy,Grassland,Afternoon
S0161,2025-05-20 01:44:00,Leopard,Running,24.46613,78.37998,19.9,Sunny,Desert,Morning
S0162,2025-05-07 02:14:00,Tiger,Grazing,24.53675,78.49935,23.3,Windy,Desert,Night
S0163,2025-05-05 09:34:00,Deer,Resting,24.68021,78.474,20.2,Windy,Grassland,Afternoon
S0164,2025-05-28 19:49:00,Monkey,Grazing,24.66526,78.52559,20.6,Sunny,Grassland,Morning
S0165,2025-05-22 00:00:00,Leopard,Grazing,24.5477,78.67495,28.3,Rainy,Grassland,Evening
S0166,2025-05-28 17:52:00,Leopard,Running,24.60628,78.32045,28.6,Foggy,Grassland,Afternoon
S0167,2025-05-02 23:40:00,Rabbit,Running,24.40883,78.52934,31.7,Cloudy,Wetland,Night
S0168,2025-05-19 02:25:00,Boar,Hunting,24.36061,78.63219,21.7,Cloudy,Grassland,Morning
S0169,2025-05-05 00:55:00,Peacock,Socializing,24.6147,78.39519,31.4,Sunny,Desert,Afternoon
S0170,2025-05-09 04:59:00,Wolf,Resting,24.40743,78.35403,19.8,Sunny,Desert,Morning
S0171,2025-05-10 05:47:00,Monkey,Socializing,24.34908,78.33185,27.1,Foggy,Desert,Morning
S0172,2025-05-10 22:40:00,Wolf,Alert,24.3537,78.30078,22.9,Cloudy,Wetland,Afternoon
S0173,2025-05-03 08:23:00,Boar,Hunting,24.33453,78.3431,27.6,Windy,Forest,Night
S0174,2025-05-27 11:19:00,Deer,Alert,24.488,78.37559,32.1,Cloudy,Forest,Night
S0175,2025-05-08 22:45:00,Wolf,Resting,24.45524,78.43572,27.8,Sunny,Forest,Evening
S0176,2025-05-26 06:08:00,Peacock,Hunting,24.3841,78.52723,28.8,Cloudy,Forest,Afternoon
S0177,2025-05-26 11:28:00,Peacock,Hunting,24.38538,78.56061,18.8,Rainy,Wetland,Evening
S0178,2025-05-17 01:12:00,Rabbit,Playing,24.47433,78.64383,27.1,Sunny,Desert,Night
S0179,2025-05-26 01:03:00,Rabbit,Grazing,24.39387,78.65893,28.2,Foggy,Desert,Morning
S0180,2025-05-08 06:04:00,Peacock,Hunting,24.46478,78.49965,22.6,Windy,Forest,Afternoon
S0181,2025-05-18 20:58:00,Deer,Playing,24.48804,78.48638,22.2,Cloudy,Grassland,Afternoon
S0182,2025-05-06 12:29:00,Wolf,Running,24.65598,78.54385,19.5,Foggy,Savanna,Night
S0183,2025-05-17 08:20:00,Monkey,Running,24.59229,78.68994,21.5,Rainy,Desert,Afternoon
S0184,2025-05-13 23:27:00,Rabbit,Alert,24.68442,78.44705,28.2,Windy,Forest,Night
S0185,2025-05-15 08:16:00,Boar,Socializing,24.60025,78.59451,28.8,Foggy,Grassland,Night
S0186,2025-05-09 12:01:00,Fox,Grazing,24.69008,78.41892,18.2,Foggy,Desert,Night
S0187,2025-05-23 18:54:00,Peacock,Grazing,24.66979,78.65804,32.4,Cloudy,Savanna,Morning
S0188,2025-05-18 10:41:00,Monkey,Running,24.59546,78.43372,24.6,Foggy,Savanna,Evening
S0189,2025-05-23 23:45:00,Leopard,Grazing,24.60394,78.67547,33.5,Cloudy,Grassland,Evening
S0190,2025-05-08 23:59:00,Rabbit,Alert,24.3541,78.35524,25.8,Cloudy,Wetland,Morning
S0191,2025-05-12 11:27:00,Wolf,Running,24.48919,78.56204,25.1,Windy,Wetland,Night
S0192,2025-05-04 16:42:00,Tiger,Resting,24.59045,78.68368,24.4,Cloudy,Grassland,Afternoon
S0193,2025-05-14 23:33:00,Leopard,Grazing,24.65778,78.69981,29.3,Sunny,Savanna,Evening
S0194,2025-05-30 05:47:00,Peacock,Playing,24.62405,78.53649,28.9,Foggy,Desert,Morning
S0195,2025-05-09 09:05:00,Deer,Grazing,24.39782,78.56733,21.0,Cloudy,Desert,Afternoon
S0196,2025-05-23 23:41:00,Peacock,Running,24.61757,78.63793,18.5,Foggy,Wetland,Afternoon
S0197,2025-05-29 23:40:00,Monkey,Hunting,24.6387,78.35558,18.9,Foggy,Savanna,Night
S0198,2025-05-15 19:08:00,Elephant,Grazing,24.45441,78.41586,27.3,Sunny,Desert,Morning
S0199,2025-05-24 22:24:00,Tiger,Running,24.65839,78.31181,26.9,Foggy,Desert,Afternoon
S0200,2025-05-14 02:01:00,Boar,Resting,24.61298,78.69438,30.3,Foggy,Savanna,Afternoon
S0201,2025-05-09 05:20:00,Peacock,Alert,24.59934,78.30683,21.3,Rainy,Desert,Evening
S0202,2025-05-10 10:05:00,Deer,Running,24.55999,78.66238,25.9,Sunny,Grassland,Afternoon
S0203,2025-05-04 12:24:00,Monkey,Resting,24.54131,78.37365,25.1,Cloudy,Desert,Evening
S0204,2025-05-06 01:08:00,Wolf,Alert,24.55082,78.32446,29.4,Sunny,Forest,Morning
S0205,2025-05-15 07:47:00,Fox,Resting,24.55882,78.69855,21.6,Windy,Savanna,Morning
S0206,2025-05-12 19:26:00,Tiger,Resting,24.32424,78.38911,28.8,Rainy,Forest,Morning
S0207,2025-05-25 04:12:00,Leopard,Running,24.67552,78.45698,34.4,Foggy,Wetland,Afternoon
S0208,2025-05-08 09:52:00,Tiger,Resting,24.59119,78.41658,29.9,Cloudy,Wetland,Night
S0209,2025-05-24 07:20:00,Fox,Grazing,24.57938,78.49642,28.3,Rainy,Grassland,Morning
S0210,2025-05-10 00:49:00,Boar,Socializing,24.42449,78.53455,27.6,Rainy,Forest,Afternoon
S0211,2025-05-21 20:06:00,Monkey,Running,24.58474,78.65509,30.8,Rainy,Savanna,Morning
S0212,2025-05-08 11:04:00,Leopard,Playing,24.50706,78.34275,27.1,Rainy,Desert,Afternoon
S0213,2025-05-21 21:10:00,Monkey,Grazing,24.53313,78.66314,18.0,Foggy,Wetland,Afternoon
S0214,2025-05-04 09:49:00,Tiger,Running,24.3304,78.48899,29.6,Cloudy,Desert,Night
S0215,2025-05-08 04:56:00,Elephant,Hunting,24.54826,78.6659,25.3,Cloudy,Desert,Afternoon
S0216,2025-05-24 22:59:00,Peacock,Alert,24.32127,78.40929,29.0,Foggy,Forest,Night
S0217,2025-05-14 23:51:00,Boar,Playing,24.3271,78.31644,19.5,Sunny,Forest,Afternoon
S0218,2025-05-23 23:30:00,Boar,Running,24.40014,78.34745,18.2,Foggy,Wetland,Evening
S0219,2025-05-09 13:44:00,Tiger,Running,24.36599,78.62727,22.1,Rainy,Savanna,Evening
S0220,2025-05-28 00:25:00,Rabbit,Grazing,24.48672,78.59397,23.5,Windy,Forest,Afternoon
S0221,2025-05-09 01:44:00,Tiger,Alert,24.5126,78.57895,22.5,Rainy,Wetland,Evening
S0222,2025-05-28 15:47:00,Monkey,Hunting,24.58225,78.31601,21.7,Cloudy,Wetland,Morning
S0223,2025-05-02 22:29:00,Fox,Resting,24.50251,78.38751,26.6,Windy,Savanna,Night
S0224,2025-05-28 06:05:00,Peacock,Resting,24.38024,78.42461,33.8,Cloudy,Wetland,Afternoon
S0225,2025-05-22 15:34:00,Fox,Grazing,24.67925,78.39604,21.9,Foggy,Savanna,Night
S0226,2025-05-28 01:01:00,Deer,Running,24.49049,78.41582,32.4,Cloudy,Savanna,Morning
S0227,2025-05-21 05:06:00,Fox,Alert,24.33348,78.39669,18.2,Cloudy,Desert,Afternoon
S0228,2025-05-20 21:54:00,Monkey,Playing,24.51179,78.41902,32.8,Foggy,Wetland,Evening
S0229,2025-05-24 11:58:00,Wolf,Playing,24.57396,78.50154,30.4,Rainy,Desert,Evening
S0230,2025-05-27 15:37:00,Tiger,Socializing,24.65178,78.31744,33.6,Foggy,Forest,Evening
S0231,2025-05-02 12:10:00,Peacock,Running,24.47823,78.43471,34.8,Sunny,Desert,Morning
S0232,2025-05-24 08:33:00,Tiger,Grazing,24.40328,78.59997,25.9,Cloudy,Desert,Evening
S0233,2025-05-22 09:53:00,Leopard,Resting,24.35676,78.56026,34.3,Foggy,Wetland,Night
S0234,2025-05-26 07:34:00,Rabbit,Playing,24.31613,78.54603,32.0,Cloudy,Forest,Evening
S0235,2025-05-09 03:31:00,Fox,Grazing,24.40833,78.48019,25.4,Windy,Savanna,Afternoon
S0236,2025-05-18 18:34:00,Rabbit,Resting,24.54008,78.6369,30.0,Rainy,Desert,Morning
S0237,2025-05-27 07:38:00,Boar,Playing,24.46755,78.61988,26.1,Windy,Savanna,Evening
S0238,2025-05-30 16:34:00,Leopard,Running,24.66363,78.37311,33.1,Rainy,Forest,Evening
S0239,2025-05-03 01:20:00,Leopard,Socializing,24.43128,78.38255,27.6,Windy,Savanna,Evening
S0240,2025-05-15 11:56:00,Rabbit,Running,24.48377,78.55818,18.4,Cloudy,Savanna,Evening
S0241,2025-05-23 12:44:00,Tiger,Grazing,24.53927,78.60505,20.2,Cloudy,Wetland,Evening
S0242,2025-05-26 02:09:00,Peacock,Resting,24.30559,78.42599,28.6,Foggy,Wetland,Evening
S0243,2025-05-16 13:13:00,Boar,Resting,24.55783,78.33394,23.0,Cloudy,Wetland,Afternoon
S0244,2025-05-28 10:28:00,Peacock,Hunting,24.38219,78.57596,25.9,Windy,Forest,Evening
S0245,2025-05-28 20:55:00,Tiger,Socializing,24.38905,78.64025,32.7,Windy,Desert,Afternoon
S0246,2025-05-16 01:09:00,Fox,Grazing,24.54043,78.69884,28.1,Foggy,Savanna,Night
S0247,2025-05-09 15:17:00,Fox,Resting,24.51856,78.50196,19.9,Rainy,Forest,Night
S0248,2025-05-02 12:03:00,Leopard,Socializing,24.45604,78.44189,30.7,Rainy,Grassland,Morning
S0249,2025-05-24 13:00:00,Wolf,Alert,24.51031,78.50136,31.9,Rainy,Savanna,Afternoon
S0250,2025-05-16 08:28:00,Rabbit,Grazing,24.48735,78.46458,23.0,Sunny,Grassland,Night
S0251,2025-05-12 10:07:00,Wolf,Hunting,24.32549,78.46815,22.7,Windy,Wetland,Morning
S0252,2025-05-21 03:48:00,Peacock,Grazing,24.49966,78.57151,20.2,Windy,Savanna,Night
S0253,2025-05-15 16:12:00,Fox,Alert,24.54905,78.30006,26.6,Sunny,Desert,Evening
S0254,2025-05-12 21:18:00,Tiger,Alert,24.34285,78.52132,33.4,Rainy,Forest,Morning
S0255,2025-05-04 16:13:00,Boar,Playing,24.66725,78.64867,18.8,Sunny,Grassland,Night
S0256,2025-05-23 02:48:00,Elephant,Hunting,24.39187,78.42074,30.1,Cloudy,Desert,Evening
S0257,2025-05-23 19:48:00,Boar,Grazing,24.40169,78.48695,27.2,Sunny,Savanna,Evening
S0258,2025-05-16 12:56:00,Rabbit,Alert,24.51354,78.67266,32.9,Rainy,Grassland,Morning
S0259,2025-05-20 02:42:00,Tiger,Socializing,24.66651,78.58157,23.8,Windy,Forest,Morning
S0260,2025-05-18 12:16:00,Wolf,Hunting,24.41862,78.58281,33.9,Cloudy,Grassland,Night
S0261,2025-05-21 07:54:00,Tiger,Grazing,24.5989,78.33393,26.8,Rainy,Grassland,Morning
S0262,2025-05-04 15:43:00,Fox,Alert,24.35841,78.56516,26.1,Foggy,Desert,Night
S0263,2025-05-14 15:57:00,Elephant,Resting,24.57533,78.53326,22.7,Foggy,Grassland,Morning
S0264,2025-05-16 21:11:00,Boar,Grazing,24.60411,78.47249,34.0,Foggy,Desert,Morning
S0265,2025-05-04 01:49:00,Wolf,Alert,24.56593,78.32164,19.2,Windy,Wetland,Morning
S0266,2025-05-04 17:48:00,Boar,Resting,24.44904,78.32849,31.9,Sunny,Desert,Afternoon
S0267,2025-05-02 08:29:00,Peacock,Running,24.41217,78.66956,21.5,Sunny,Grassland,Afternoon
S0268,2025-05-02 10:27:00,Wolf,Resting,24.69429,78.372,30.4,Windy,Forest,Evening
S0269,2025-05-28 02:49:00,Deer,Alert,24.45979,78.66489,25.3,Cloudy,Wetland,Morning
S0270,2025-05-29 02:17:00,Peacock,Playing,24.51198,78.39929,32.4,Rainy,Savanna,Night
S0271,2025-05-14 10:16:00,Rabbit,Socializing,24.37101,78.61913,28.9,Foggy,Savanna,Night
S0272,2025-05-23 02:01:00,Leopard,Playing,24.66629,78.63672,31.6,Foggy,Desert,Morning
S0273,2025-05-23 04:53:00,Rabbit,Grazing,24.66551,78.48318,20.4,Sunny,Savanna,Night
S0274,2025-05-08 07:25:00,Monkey,Running,24.34702,78.52501,27.9,Foggy,Savanna,Afternoon
S0275,2025-05-27 01:30:00,Boar,Running,24.61168,78.45423,20.3,Foggy,Desert,Morning
S0276,2025-05-04 00:01:00,Leopard,Hunting,24.59601,78.3294,31.2,Windy,Savanna,Night
S0277,2025-05-10 07:47:00,Leopard,Resting,24.37162,78.48477,23.5,Cloudy,Wetland,Afternoon
S0278,2025-05-10 16:52:00,Wolf,Running,24.34264,78.6094,19.2,Sunny,Grassland,Night
S0279,2025-05-07 07:36:00,Fox,Socializing,24.43503,78.36454,26.2,Windy,Desert,Afternoon
S0280,2025-05-12 10:40:00,Tiger,Grazing,24.6251,78.63581,23.4,Cloudy,Forest,Morning
S0281,2025-05-08 00:02:00,Rabbit,Running,24.49475,78.58021,24.2,Windy,Desert,Evening
S0282,2025-05-26 09:35:00,Tiger,Running,24.61427,78.39041,20.3,Sunny,Desert,Night
S0283,2025-05-23 17:02:00,Deer,Socializing,24.4184,78.502,27.0,Foggy,Wetland,Evening
S0284,2025-05-12 23:23:00,Peacock,Grazing,24.53863,78.60453,21.7,Cloudy,Grassland,Afternoon
S0285,2025-05-29 15:35:00,Leopard,Playing,24.31963,78.59409,23.0,Windy,Grassland,Evening
S0286,2025-05-23 14:59:00,Tiger,Alert,24.57648,78.69389,19.8,Rainy,Forest,Morning
S0287,2025-05-30 11:10:00,Monkey,Running,24.55993,78.46212,34.1,Foggy,Grassland,Afternoon
S0288,2025-05-01 08:25:00,Deer,Resting,24.52434,78.61836,22.2,Rainy,Savanna,Evening
S0289,2025-05-30 14:35:00,Rabbit,Running,24.51888,78.68725,19.9,Foggy,Desert,Afternoon
S0290,2025-05-10 23:43:00,Rabbit,Resting,24.46351,78.5763,33.8,Rainy,Grassland,Afternoon
S0291,2025-05-28 08:00:00,Wolf,Socializing,24.37622,78.6206,19.4,Windy,Grassland,Morning
S0292,2025-05-12 07:10:00,Peacock,Grazing,24.57517,78.38208,34.2,Cloudy,Grassland,Afternoon
S0293,2025-05-18 07:10:00,Leopard,Running,24.46347,78.40257,19.6,Rainy,Desert,Evening
S0294,2025-05-06 07:04:00,Rabbit,Running,24.46954,78.65172,32.4,Cloudy,Grassland,Afternoon
S0295,2025-05-16 12:35:00,Deer,Playing,24.44607,78.38786,20.5,Sunny,Wetland,Evening
S0296,2025-05-29 13:20:00,Tiger,Hunting,24.38376,78.58186,32.0,Sunny,Wetland,Night
S0297,2025-05-11 00:23:00,Tiger,Alert,24.47411,78.64019,30.2,Cloudy,Savanna,Evening
S0298,2025-05-29 13:31:00,Fox,Running,24.49563,78.61902,25.1,Rainy,Forest,Morning
S0299,2025-05-18 17:01:00,Peacock,Alert,24.68213,78.53022,33.4,Windy,Forest,Afternoon
S0300,2025-05-01 08:33:00,Deer,Socializing,24.30692,78.59295,32.0,Rainy,Wetland,Morning
S0301,2025-05-13 21:49:00,Deer,Socializing,24.32591,78.3198,28.8,Cloudy,Desert,Night
S0302,2025-05-15 00:14:00,Fox,Hunting,24.35668,78.3328,30.9,Windy,Savanna,Night
S0303,2025-05-15 05:33:00,Peacock,Hunting,24.62301,78.33518,25.3,Rainy,Grassland,Night
S0304,2025-05-28 18:44:00,Leopard,Alert,24.47804,78.68374,24.2,Rainy,Savanna,Evening
S0305,2025-05-15 23:26:00,Boar,Playing,24.62986,78.6273,28.5,Foggy,Desert,Morning
S0306,2025-05-24 10:26:00,Monkey,Grazing,24.46011,78.34158,30.2,Windy,Grassland,Evening
S0307,2025-05-24 12:31:00,Wolf,Alert,24.45826,78.4506,21.2,Foggy,Desert,Night
S0308,2025-05-10 01:30:00,Monkey,Hunting,24.63008,78.67405,20.5,Cloudy,Desert,Afternoon
S0309,2025-05-17 20:28:00,Rabbit,Resting,24.48246,78.39569,22.1,Cloudy,Wetland,Morning
S0310,2025-05-03 15:04:00,Boar,Running,24.31628,78.63525,29.3,Sunny,Grassland,Afternoon
S0311,2025-05-15 11:56:00,Fox,Socializing,24.37605,78.32682,29.2,Foggy,Savanna,Morning
S0312,2025-05-13 05:19:00,Boar,Playing,24.59882,78.6727,24.1,Rainy,Grassland,Evening
S0313,2025-05-12 12:11:00,Deer,Playing,24.49761,78.62005,20.7,Rainy,Savanna,Night
S0314,2025-05-28 02:06:00,Boar,Resting,24.38859,78.49088,23.7,Foggy,Wetland,Evening
S0315,2025-05-02 12:10:00,Leopard,Running,24.41709,78.67703,32.7,Foggy,Forest,Afternoon
S0316,2025-05-17 07:07:00,Wolf,Hunting,24.30192,78.44258,20.0,Foggy,Forest,Afternoon
S0317,2025-05-12 07:53:00,Deer,Playing,24.328,78.34805,21.5,Windy,Forest,Night
S0318,2025-05-05 09:13:00,Fox,Grazing,24.4911,78.307,24.3,Cloudy,Desert,Morning
S0319,2025-05-13 11:55:00,Fox,Hunting,24.37853,78.61973,25.8,Sunny,Forest,Afternoon
S0320,2025-05-26 04:38:00,Elephant,Running,24.44745,78.60034,32.7,Cloudy,Wetland,Night
S0321,2025-05-03 08:34:00,Peacock,Resting,24.31192,78.56582,31.5,Cloudy,Grassland,Night
S0322,2025-05-04 13:15:00,Monkey,Running,24.46381,78.523,32.3,Windy,Forest,Afternoon
S0323,2025-05-31 03:47:00,Tiger,Socializing,24.35973,78.66329,23.8,Sunny,Grassland,Afternoon
S0324,2025-05-18 14:13:00,Boar,Socializing,24.35848,78.42648,22.2,Cloudy,Savanna,Evening
S0325,2025-05-11 23:39:00,Fox,Running,24.57554,78.36786,25.8,Foggy,Forest,Evening
S0326,2025-05-24 01:28:00,Tiger,Socializing,24.35397,78.34763,28.7,Sunny,Desert,Evening
S0327,2025-05-28 20:25:00,Rabbit,Playing,24.4144,78.53763,33.9,Cloudy,Grassland,Evening
S0328,2025-05-02 14:49:00,Boar,Hunting,24.68126,78.53179,23.6,Rainy,Grassland,Evening
S0329,2025-05-25 22:15:00,Deer,Resting,24.68127,78.52348,28.9,Rainy,Savanna,Evening
S0330,2025-05-21 19:29:00,Fox,Running,24.63977,78.68709,22.9,Cloudy,Desert,Afternoon
S0331,2025-05-20 03:51:00,Elephant,Running,24.53541,78.49067,22.0,Rainy,Forest,Morning
S0332,2025-05-11 18:51:00,Elephant,Running,24.48889,78.31947,29.7,Cloudy,Forest,Evening
S0333,2025-05-02 00:26:00,Elephant,Resting,24.44928,78.36984,33.7,Windy,Desert,Morning
S0334,2025-05-09 20:46:00,Fox,Resting,24.31544,78.37762,32.3,Foggy,Desert,Morning
S0335,2025-05-20 04:02:00,Rabbit,Socializing,24.69607,78.4909,28.4,Windy,Forest,Morning
S0336,2025-05-18 10:26:00,Elephant,Playing,24.31748,78.60227,22.2,Sunny,Desert,Morning
S0337,2025-05-04 13:57:00,Fox,Grazing,24.53998,78.58961,33.0,Rainy,Grassland,Morning
S0338,2025-05-02 10:49:00,Tiger,Hunting,24.5849,78.57808,26.2,Windy,Wetland,Night
S0339,2025-05-28 03:57:00,Boar,Alert,24.62915,78.57175,24.1,Cloudy,Savanna,Evening
S0340,2025-05-24 09:13:00,Elephant,Grazing,24.42554,78.668,34.5,Sunny,Forest,Afternoon
S0341,2025-05-03 20:41:00,Fox,Playing,24.59851,78.48051,23.0,Foggy,Desert,Morning
S0342,2025-05-20 12:59:00,Elephant,Socializing,24.67819,78.33225,33.9,Cloudy,Grassland,Afternoon
S0343,2025-05-13 13:46:00,Tiger,Hunting,24.49018,78.49691,33.6,Cloudy,Forest,Evening
S0344,2025-05-14 21:25:00,Wolf,Resting,24.68952,78.56191,26.4,Cloudy,Wetland,Evening
S0345,2025-05-13 14:03:00,Tiger,Grazing,24.38881,78.6872,28.4,Sunny,Grassland,Evening
S0346,2025-05-04 05:35:00,Fox,Socializing,24.48967,78.36779,19.3,Cloudy,Grassland,Morning
S0347,2025-05-23 12:30:00,Leopard,Hunting,24.6186,78.53131,33.9,Windy,Savanna,Night
S0348,2025-05-11 03:26:00,Elephant,Hunting,24.36854,78.60316,24.2,Sunny,Desert,Afternoon
S0349,2025-05-18 19:38:00,Elephant,Grazing,24.69898,78.65991,31.6,Foggy,Desert,Afternoon
S0350,2025-05-08 08:47:00,Rabbit,Grazing,24.60293,78.43367,23.2,Foggy,Savanna,Morning
S0351,2025-05-23 06:27:00,Fox,Resting,24.6779,78.54721,30.5,Windy,Wetland,Morning
S0352,2025-05-23 11:29:00,Fox,Resting,24.47055,78.62328,23.7,Foggy,Savanna,Evening
S0353,2025-05-05 14:28:00,Peacock,Resting,24.3466,78.69576,25.2,Foggy,Savanna,Night
S0354,2025-05-11 13:19:00,Elephant,Hunting,24.31183,78.50181,30.0,Foggy,Desert,Afternoon
S0355,2025-05-20 11:50:00,Boar,Grazing,24.64132,78.55555,29.7,Sunny,Wetland,Evening
S0356,2025-05-12 18:09:00,Leopard,Grazing,24.33398,78.32301,23.0,Foggy,Forest,Night
S0357,2025-05-19 06:24:00,Monkey,Resting,24.48064,78.57229,20.7,Cloudy,Savanna,Evening
S0358,2025-05-02 01:26:00,Elephant,Running,24.42729,78.36614,34.9,Foggy,Savanna,Morning
S0359,2025-05-10 16:37:00,Wolf,Hunting,24.30579,78.32744,34.7,Rainy,Desert,Afternoon
S0360,2025-05-14 21:18:00,Rabbit,Playing,24.53675,78.39565,34.2,Foggy,Desert,Night
S0361,2025-05-06 13:26:00,Wolf,Grazing,24.33934,78.50153,34.4,Rainy,Grassland,Evening
S0362,2025-05-14 10:44:00,Rabbit,Hunting,24.59131,78.54111,27.7,Rainy,Wetland,Night
S0363,2025-05-05 21:17:00,Wolf,Resting,24.40554,78.33557,18.1,Cloudy,Forest,Night
S0364,2025-05-26 10:55:00,Fox,Grazing,24.65843,78.43325,30.7,Rainy,Wetland,Afternoon
S0365,2025-05-02 09:41:00,Rabbit,Hunting,24.31754,78.45365,27.2,Rainy,Forest,Evening
S0366,2025-05-11 01:53:00,Rabbit,Running,24.38307,78.33273,29.7,Cloudy,Wetland,Evening
S0367,2025-05-22 19:56:00,Tiger,Playing,24.36937,78.33239,29.3,Rainy,Savanna,Morning
S0368,2025-05-20 14:15:00,Leopard,Socializing,24.45273,78.30473,34.0,Sunny,Desert,Evening
S0369,2025-05-23 17:57:00,Deer,Running,24.42664,78.40958,34.7,Sunny,Grassland,Night
S0370,2025-05-18 23:55:00,Tiger,Playing,24.36157,78.55242,21.6,Cloudy,Grassland,Afternoon
S0371,2025-05-07 11:22:00,Fox,Socializing,24.53568,78.6081,28.6,Rainy,Desert,Morning
S0372,2025-05-27 05:13:00,Wolf,Grazing,24.36456,78.48961,19.5,Rainy,Savanna,Afternoon
S0373,2025-05-14 14:46:00,Elephant,Alert,24.38668,78.52863,29.6,Rainy,Forest,Evening
S0374,2025-05-23 08:35:00,Deer,Grazing,24.45155,78.53837,24.7,Sunny,Desert,Evening
S0375,2025-05-26 01:55:00,Monkey,Playing,24.35886,78.46473,27.2,Cloudy,Desert,Evening
S0376,2025-05-05 06:04:00,Leopard,Hunting,24.58856,78.5058,20.5,Windy,Forest,Morning
S0377,2025-05-04 01:11:00,Leopard,Resting,24.44255,78.60286,28.8,Cloudy,Forest,Morning
S0378,2025-05-16 11:15:00,Monkey,Running,24.44967,78.48558,24.8,Windy,Desert,Afternoon
S0379,2025-05-23 15:33:00,Fox,Resting,24.34378,78.46855,34.1,Sunny,Wetland,Morning
S0380,2025-05-14 19:38:00,Leopard,Playing,24.49764,78.64296,24.3,Rainy,Wetland,Morning
S0381,2025-05-22 11:29:00,Boar,Socializing,24.4764,78.44505,23.2,Windy,Forest,Morning
S0382,2025-05-23 00:54:00,Deer,Hunting,24.32278,78.50166,29.4,Windy,Savanna,Afternoon
S0383,2025-05-15 16:04:00,Elephant,Hunting,24.58908,78.56143,21.8,Rainy,Wetland,Afternoon
S0384,2025-05-20 21:17:00,Monkey,Alert,24.43701,78.57227,21.5,Windy,Savanna,Evening
S0385,2025-05-19 14:15:00,Peacock,Grazing,24.64838,78.3532,18.6,Cloudy,Grassland,Night
S0386,2025-05-12 14:31:00,Peacock,Hunting,24.56969,78.50846,25.8,Windy,Desert,Afternoon
S0387,2025-05-18 12:10:00,Fox,Playing,24.51648,78.50184,18.3,Cloudy,Grassland,Morning
S0388,2025-05-19 12:25:00,Monkey,Running,24.52535,78.3595,31.9,Windy,Forest,Afternoon
S0389,2025-05-19 07:32:00,Tiger,Socializing,24.64267,78.57088,28.2,Windy,Wetland,Afternoon
S0390,2025-05-13 08:22:00,Peacock,Socializing,24.46926,78.61366,28.7,Windy,Grassland,Afternoon
S0391,2025-05-09 10:12:00,Fox,Hunting,24.65453,78.52321,32.2,Sunny,Savanna,Evening
S0392,2025-05-24 08:53:00,Wolf,Resting,24.49122,78.66154,32.1,Windy,Savanna,Evening
S0393,2025-05-26 18:31:00,Elephant,Running,24.41798,78.32662,27.6,Rainy,Desert,Evening
S0394,2025-05-21 08:19:00,Leopard,Running,24.60709,78.45287,25.3,Cloudy,Desert,Evening
S0395,2025-05-06 20:49:00,Rabbit,Socializing,24.46505,78.44438,30.5,Rainy,Wetland,Night
S0396,2025-05-13 09:03:00,Rabbit,Running,24.68932,78.44869,19.3,Rainy,Savanna,Morning
S0397,2025-05-18 21:31:00,Peacock,Socializing,24.55451,78.45525,31.2,Rainy,Savanna,Evening
S0398,2025-05-06 13:05:00,Leopard,Grazing,24.53348,78.58349,27.6,Rainy,Forest,Night
S0399,2025-05-31 03:08:00,Elephant,Socializing,24.36813,78.3954,33.1,Cloudy,Wetland,Night
S0400,2025-05-09 03:40:00,Deer,Playing,24.30146,78.45561,32.9,Windy,Savanna,Evening
S0401,2025-05-07 22:46:00,Rabbit,Hunting,24.42095,78.67839,28.9,Windy,Grassland,Morning
S0402,2025-05-03 22:27:00,Leopard,Socializing,24.64845,78.6631,25.8,Windy,Grassland,Night
S0403,2025-05-04 21:08:00,Deer,Grazing,24.60819,78.37986,25.5,Foggy,Wetland,Night
S0404,2025-05-11 09:04:00,Leopard,Grazing,24.51546,78.31041,24.0,Cloudy,Desert,Afternoon
S0405,2025-05-22 14:15:00,Tiger,Hunting,24.32446,78.35279,31.6,Foggy,Forest,Night
S0406,2025-05-14 09:08:00,Peacock,Alert,24.36499,78.55256,27.2,Windy,Wetland,Afternoon
S0407,2025-05-11 19:38:00,Deer,Alert,24.5801,78.50452,21.3,Cloudy,Desert,Night
S0408,2025-05-10 13:30:00,Rabbit,Socializing,24.38561,78.55162,18.8,Sunny,Grassland,Morning
S0409,2025-05-14 12:04:00,Fox,Socializing,24.34483,78.60095,23.2,Cloudy,Savanna,Morning
S0410,2025-05-07 16:23:00,Elephant,Running,24.61821,78.30696,27.3,Foggy,Wetland,Morning
S0411,2025-05-20 22:12:00,Rabbit,Socializing,24.52988,78.3278,21.8,Rainy,Grassland,Night
S0412,2025-05-15 00:02:00,Monkey,Playing,24.36709,78.45389,22.3,Foggy,Wetland,Morning
S0413,2025-05-21 05:27:00,Rabbit,Grazing,24.65296,78.69636,21.5,Rainy,Grassland,Night
S0414,2025-05-07 01:26:00,Deer,Grazing,24.54559,78.4297,19.4,Windy,Savanna,Afternoon
S0415,2025-05-22 17:21:00,Deer,Resting,24.3518,78.52564,29.8,Windy,Wetland,Evening
S0416,2025-05-14 19:40:00,Peacock,Grazing,24.56856,78.69188,18.1,Cloudy,Forest,Night
S0417,2025-05-11 23:16:00,Boar,Hunting,24.45838,78.36182,29.2,Rainy,Grassland,Night
S0418,2025-05-06 13:11:00,Elephant,Alert,24.56573,78.35854,29.3,Foggy,Grassland,Evening
S0419,2025-05-26 20:17:00,Leopard,Playing,24.41837,78.33211,32.5,Windy,Grassland,Morning
S0420,2025-05-28 04:30:00,Peacock,Running,24.43042,78.41478,18.5,Rainy,Grassland,Afternoon
S0421,2025-05-29 08:42:00,Tiger,Playing,24.55857,78.63537,32.4,Foggy,Forest,Night
S0422,2025-05-03 09:32:00,Peacock,Hunting,24.59246,78.61484,28.2,Sunny,Desert,Evening
S0423,2025-05-18 15:24:00,Fox,Playing,24.36419,78.30849,33.0,Sunny,Wetland,Evening
S0424,2025-05-11 05:37:00,Deer,Alert,24.59344,78.6289,23.4,Foggy,Grassland,Evening
S0425,2025-05-14 00:16:00,Tiger,Socializing,24.61953,78.43467,28.6,Sunny,Grassland,Morning
S0426,2025-05-28 01:24:00,Tiger,Running,24.59538,78.64494,26.0,Windy,Savanna,Morning
S0427,2025-05-16 11:18:00,Wolf,Alert,24.57042,78.40482,21.7,Cloudy,Wetland,Morning
S0428,2025-05-04 22:30:00,Monkey,Hunting,24.52351,78.40105,33.9,Sunny,Wetland,Morning
S0429,2025-05-22 15:26:00,Peacock,Resting,24.49939,78.63334,32.4,Foggy,Forest,Morning
S0430,2025-05-03 13:45:00,Fox,Alert,24.46555,78.64036,25.7,Windy,Savanna,Night
S0431,2025-05-29 21:51:00,Rabbit,Resting,24.31171,78.44449,21.3,Cloudy,Grassland,Night
S0432,2025-05-24 05:37:00,Leopard,Playing,24.34635,78.66638,26.9,Foggy,Forest,Morning
S0433,2025-05-03 23:57:00,Fox,Alert,24.69867,78.65123,18.6,Windy,Desert,Night
S0434,2025-05-07 20:00:00,Boar,Running,24.39885,78.67748,33.3,Foggy,Wetland,Afternoon
S0435,2025-05-23 09:40:00,Tiger,Alert,24.41445,78.31398,28.2,Rainy,Savanna,Morning
S0436,2025-05-26 18:05:00,Deer,Socializing,24.38453,78.51258,31.4,Foggy,Savanna,Afternoon
S0437,2025-05-26 17:42:00,Peacock,Playing,24.44266,78.54286,24.9,Cloudy,Forest,Night
S0438,2025-05-06 20:09:00,Leopard,Running,24.62364,78.49511,23.8,Windy,Forest,Night
S0439,2025-05-23 21:08:00,Monkey,Hunting,24.39496,78.34082,33.4,Windy,Savanna,Morning
S0440,2025-05-22 17:53:00,Peacock,Alert,24.56716,78.47377,28.1,Foggy,Wetland,Night
S0441,2025-05-12 02:34:00,Rabbit,Socializing,24.34802,78.41717,25.3,Cloudy,Wetland,Morning
S0442,2025-05-27 20:03:00,Leopard,Resting,24.49099,78.57002,30.3,Foggy,Forest,Morning
S0443,2025-05-14 20:57:00,Monkey,Socializing,24.52761,78.31948,27.8,Windy,Grassland,Morning
S0444,2025-05-15 11:44:00,Fox,Hunting,24.52584,78.49458,32.3,Rainy,Forest,Evening
S0445,2025-05-11 11:23:00,Boar,Running,24.3801,78.50301,23.9,Rainy,Wetland,Morning
S0446,2025-05-11 09:54:00,Monkey,Grazing,24.35071,78.49649,27.9,Sunny,Grassland,Morning
S0447,2025-05-29 01:52:00,Tiger,Running,24.52927,78.43408,33.4,Windy,Desert,Afternoon
S0448,2025-05-22 01:36:00,Wolf,Running,24.35862,78.38618,23.8,Cloudy,Desert,Evening
S0449,2025-05-14 00:52:00,Deer,Resting,24.61493,78.52865,25.4,Sunny,Savanna,Night
S0450,2025-05-19 05:57:00,Deer,Hunting,24.57571,78.30675,19.2,Cloudy,Savanna,Morning
S0451,2025-05-09 17:32:00,Deer,Resting,24.65685,78.30692,25.3,Sunny,Desert,Morning
S0452,2025-05-03 17:23:00,Peacock,Resting,24.49485,78.47198,34.0,Windy,Grassland,Afternoon
S0453,2025-05-30 09:11:00,Boar,Running,24.61799,78.31358,23.1,Foggy,Desert,Afternoon
S0454,2025-05-05 19:23:00,Tiger,Alert,24.42217,78.53439,26.3,Sunny,Desert,Morning
S0455,2025-05-04 09:24:00,Tiger,Playing,24.34251,78.33979,21.6,Windy,Wetland,Morning
S0456,2025-05-26 23:53:00,Elephant,Socializing,24.57442,78.65552,30.7,Foggy,Forest,Evening
S0457,2025-05-06 11:45:00,Tiger,Socializing,24.48604,78.56427,30.7,Windy,Savanna,Afternoon
S0458,2025-05-06 10:09:00,Peacock,Alert,24.61948,78.59053,28.9,Foggy,Wetland,Afternoon
S0459,2025-05-02 06:05:00,Elephant,Grazing,24.37105,78.39873,20.2,Rainy,Wetland,Evening
S0460,2025-05-08 00:06:00,Wolf,Grazing,24.55321,78.50266,32.9,Rainy,Grassland,Evening
S0461,2025-05-09 00:36:00,Peacock,Grazing,24.3315,78.60227,23.8,Windy,Desert,Afternoon
S0462,2025-05-09 10:25:00,Elephant,Hunting,24.35782,78.53055,21.6,Foggy,Wetland,Night
S0463,2025-05-19 13:00:00,Wolf,Resting,24.46676,78.4333,27.5,Windy,Savanna,Afternoon
S0464,2025-05-09 15:27:00,Monkey,Playing,24.39554,78.32418,19.5,Rainy,Savanna,Morning
S0465,2025-05-15 20:19:00,Peacock,Grazing,24.65186,78.45023,26.1,Cloudy,Forest,Night
S0466,2025-05-04 09:02:00,Elephant,Playing,24.59672,78.36541,27.7,Cloudy,Savanna,Night
S0467,2025-05-22 14:18:00,Rabbit,Alert,24.55488,78.31782,29.8,Foggy,Grassland,Evening
S0468,2025-05-21 19:40:00,Tiger,Grazing,24.63372,78.49975,18.4,Sunny,Wetland,Evening
S0469,2025-05-21 22:18:00,Rabbit,Grazing,24.50204,78.45871,28.3,Rainy,Grassland,Morning
S0470,2025-05-09 07:47:00,Peacock,Playing,24.55605,78.57719,31.2,Cloudy,Grassland,Afternoon
S0471,2025-05-13 09:12:00,Deer,Resting,24.58824,78.3879,25.7,Foggy,Desert,Morning
S0472,2025-05-18 03:16:00,Wolf,Grazing,24.56867,78.35371,33.2,Windy,Grassland,Night
S0473,2025-05-22 21:43:00,Leopard,Hunting,24.44711,78.40216,31.1,Rainy,Grassland,Afternoon
S0474,2025-05-08 09:37:00,Tiger,Hunting,24.46211,78.69918,23.4,Rainy,Forest,Night
S0475,2025-05-15 19:37:00,Boar,Hunting,24.65121,78.68506,32.3,Rainy,Wetland,Morning
S0476,2025-05-03 08:41:00,Peacock,Running,24.53108,78.37289,26.0,Sunny,Wetland,Afternoon
S0477,2025-05-08 12:31:00,Peacock,Grazing,24.64337,78.44353,29.7,Foggy,Desert,Night
S0478,2025-05-25 08:16:00,Deer,Grazing,24.6247,78.49242,20.8,Rainy,Wetland,Night
S0479,2025-05-16 15:45:00,Leopard,Hunting,24.64262,78.33511,33.7,Foggy,Desert,Night
S0480,2025-05-02 12:40:00,Fox,Alert,24.43919,78.49229,34.7,Cloudy,Desert,Morning
S0481,2025-05-09 03:43:00,Fox,Grazing,24.61662,78.5373,33.3,Foggy,Wetland,Afternoon
S0482,2025-05-29 13:39:00,Monkey,Running,24.52919,78.37569,18.5,Foggy,Grassland,Afternoon
S0483,2025-05-07 04:01:00,Deer,Alert,24.64445,78.65659,28.9,Windy,Grassland,Evening
S0484,2025-05-22 05:58:00,Fox,Hunting,24.65356,78.30459,28.3,Foggy,Forest,Evening
S0485,2025-05-23 11:10:00,Rabbit,Socializing,24.34296,78.47254,34.5,Foggy,Savanna,Afternoon
S0486,2025-05-21 19:21:00,Leopard,Playing,24.31546,78.64289,26.2,Windy,Wetland,Morning
S0487,2025-05-29 01:05:00,Leopard,Resting,24.45325,78.50152,26.0,Rainy,Forest,Night
S0488,2025-05-30 16:58:00,Peacock,Resting,24.65645,78.33554,33.0,Cloudy,Wetland,Night
S0489,2025-05-25 23:54:00,Rabbit,Playing,24.40876,78.6771,34.0,Cloudy,Forest,Morning
S0490,2025-05-03 14:49:00,Elephant,Grazing,24.48092,78.43871,24.7,Foggy,Grassland,Afternoon
S0491,2025-05-18 19:16:00,Wolf,Resting,24.50621,78.61227,21.8,Foggy,Wetland,Morning
S0492,2025-05-17 23:38:00,Rabbit,Resting,24.31804,78.60425,33.6,Windy,Grassland,Morning
S0493,2025-05-03 13:13:00,Monkey,Alert,24.45945,78.4226,27.9,Cloudy,Grassland,Afternoon
S0494,2025-05-14 05:28:00,Leopard,Running,24.51148,78.4892,34.6,Sunny,Forest,Afternoon
S0495,2025-05-11 03:24:00,Wolf,Grazing,24.63893,78.51807,27.0,Sunny,Grassland,Afternoon
S0496,2025-05-20 22:40:00,Boar,Socializing,24.51726,78.64848,23.7,Cloudy,Wetland,Morning
S0497,2025-05-07 07:33:00,Tiger,Hunting,24.69627,78.5236,34.2,Windy,Forest,Evening
S0498,2025-05-21 21:16:00,Rabbit,Playing,24.6832,78.41364,24.0,Rainy,Grassland,Afternoon
S0499,2025-05-05 12:38:00,Fox,Hunting,24.33379,78.57478,19.6,Windy,Wetland,Morning
S0500,2025-05-17 08:13:00,Wolf,Alert,24.46358,78.51309,30.9,Rainy,Wetland,Afternoon
S0501,2025-05-15 01:20:00,Elephant,Playing,24.46159,78.42668,19.0,Rainy,Wetland,Afternoon
S0502,2025-05-28 07:09:00,Boar,Grazing,24.62791,78.41555,26.4,Cloudy,Savanna,Afternoon
S0503,2025-05-14 17:40:00,Fox,Running,24.5845,78.42177,31.7,Cloudy,Wetland,Afternoon
S0504,2025-05-26 02:48:00,Fox,Alert,24.35168,78.32538,19.0,Foggy,Savanna,Evening
S0505,2025-05-07 04:19:00,Monkey,Alert,24.63794,78.30566,22.0,Rainy,Wetland,Evening
S0506,2025-05-24 18:22:00,Monkey,Alert,24.51635,78.42352,29.0,Sunny,Wetland,Night
S0507,2025-05-10 04:46:00,Tiger,Resting,24.332,78.51975,20.4,Cloudy,Forest,Afternoon
S0508,2025-05-18 05:46:00,Fox,Hunting,24.45121,78.68408,18.3,Rainy,Savanna,Afternoon
S0509,2025-05-07 06:33:00,Leopard,Running,24.33832,78.48679,32.9,Cloudy,Wetland,Afternoon
S0510,2025-05-18 17:44:00,Peacock,Socializing,24.30095,78.63368,21.2,Cloudy,Grassland,Evening
S0511,2025-05-21 22:59:00,Elephant,Socializing,24.57522,78.36855,18.4,Foggy,Wetland,Afternoon
S0512,2025-05-25 03:50:00,Rabbit,Resting,24.50922,78.46179,18.8,Rainy,Desert,Morning
S0513,2025-05-09 13:14:00,Peacock,Grazing,24.30641,78.3146,34.4,Rainy,Desert,Morning
S0514,2025-05-12 10:33:00,Tiger,Running,24.42934,78.67926,18.9,Foggy,Desert,Night
S0515,2025-05-29 01:08:00,Elephant,Grazing,24.5758,78.36107,33.1,Rainy,Forest,Afternoon
S0516,2025-05-22 10:01:00,Wolf,Grazing,24.57067,78.42496,22.9,Sunny,Savanna,Afternoon
S0517,2025-05-17 15:21:00,Leopard,Alert,24.39179,78.31815,22.2,Foggy,Desert,Night
S0518,2025-05-21 13:52:00,Rabbit,Hunting,24.45858,78.40378,20.2,Foggy,Forest,Evening
S0519,2025-05-08 15:00:00,Boar,Socializing,24.67836,78.62398,24.9,Rainy,Grassland,Evening
S0520,2025-05-15 01:13:00,Fox,Running,24.34264,78.42452,31.2,Windy,Desert,Night
S0521,2025-05-08 05:27:00,Wolf,Grazing,24.36621,78.49368,21.8,Cloudy,Forest,Evening
S0522,2025-05-12 23:11:00,Boar,Grazing,24.67307,78.36231,22.0,Cloudy,Desert,Morning
S0523,2025-05-23 14:28:00,Peacock,Playing,24.66361,78.58735,30.1,Foggy,Desert,Morning
S0524,2025-05-12 11:46:00,Monkey,Playing,24.69468,78.38365,28.0,Cloudy,Grassland,Night
S0525,2025-05-16 14:33:00,Peacock,Grazing,24.539,78.41499,20.9,Foggy,Savanna,Evening
S0526,2025-05-02 05:33:00,Tiger,Playing,24.52103,78.55368,18.1,Foggy,Desert,Evening
S0527,2025-05-10 05:46:00,Peacock,Playing,24.67103,78.5955,27.0,Rainy,Desert,Afternoon
S0528,2025-05-17 02:36:00,Fox,Running,24.63885,78.36729,21.8,Foggy,Wetland,Night
S0529,2025-05-15 11:45:00,Wolf,Socializing,24.51758,78.61166,26.0,Rainy,Wetland,Afternoon
S0530,2025-05-13 11:33:00,Elephant,Grazing,24.59348,78.41823,29.9,Windy,Grassland,Night
S0531,2025-05-30 16:33:00,Fox,Socializing,24.67117,78.398,21.6,Sunny,Forest,Morning
S0532,2025-05-12 04:05:00,Leopard,Playing,24.31851,78.60704,28.6,Sunny,Wetland,Morning
S0533,2025-05-11 20:27:00,Boar,Socializing,24.448,78.40944,27.6,Windy,Grassland,Afternoon
S0534,2025-05-16 12:25:00,Leopard,Running,24.60683,78.68826,33.7,Foggy,Grassland,Morning
S0535,2025-05-25 11:40:00,Elephant,Resting,24.42791,78.43449,27.7,Windy,Savanna,Evening
S0536,2025-05-29 10:51:00,Boar,Playing,24.51818,78.30722,23.5,Cloudy,Forest,Evening
S0537,2025-05-18 09:44:00,Elephant,Socializing,24.51638,78.59462,26.4,Sunny,Wetland,Night
S0538,2025-05-17 07:16:00,Monkey,Running,24.61862,78.58422,20.4,Windy,Savanna,Evening
S0539,2025-05-12 11:44:00,Peacock,Grazing,24.64264,78.67095,21.5,Rainy,Grassland,Evening
S0540,2025-05-20 08:44:00,Elephant,Hunting,24.32226,78.34944,29.6,Cloudy,Desert,Morning
S0541,2025-05-02 22:15:00,Tiger,Grazing,24.58625,78.57866,27.9,Cloudy,Grassland,Evening
S0542,2025-05-11 20:17:00,Deer,Hunting,24.6008,78.69489,32.2,Rainy,Desert,Night
S0543,2025-05-31 00:19:00,Rabbit,Hunting,24.59083,78.54339,19.2,Cloudy,Desert,Night
S0544,2025-05-22 20:23:00,Elephant,Grazing,24.49495,78.52327,27.2,Cloudy,Wetland,Afternoon
S0545,2025-05-24 13:09:00,Leopard,Running,24.31421,78.34247,18.9,Sunny,Forest,Afternoon
S0546,2025-05-09 20:54:00,Peacock,Alert,24.30423,78.50629,21.8,Foggy,Grassland,Evening
S0547,2025-05-15 15:17:00,Rabbit,Socializing,24.38681,78.40664,22.0,Foggy,Forest,Morning
S0548,2025-05-04 10:42:00,Peacock,Resting,24.40478,78.66354,21.0,Windy,Desert,Evening
S0549,2025-05-17 18:37:00,Leopard,Socializing,24.43393,78.63244,34.0,Cloudy,Desert,Afternoon
S0550,2025-05-09 15:02:00,Rabbit,Running,24.6419,78.57637,29.8,Rainy,Savanna,Night
S0551,2025-05-25 03:19:00,Wolf,Alert,24.3649,78.44444,18.1,Rainy,Forest,Night
S0552,2025-05-02 11:14:00,Wolf,Running,24.39148,78.60894,24.9,Sunny,Forest,Night
S0553,2025-05-02 21:27:00,Rabbit,Running,24.53682,78.56064,30.7,Foggy,Desert,Morning
S0554,2025-05-21 08:01:00,Rabbit,Socializing,24.32764,78.46153,29.8,Rainy,Desert,Morning
S0555,2025-05-18 10:32:00,Tiger,Playing,24.64727,78.32216,34.0,Windy,Wetland,Night
S0556,2025-05-30 05:28:00,Rabbit,Resting,24.30962,78.4656,27.2,Windy,Grassland,Night
S0557,2025-05-10 21:39:00,Fox,Playing,24.68149,78.69436,22.5,Cloudy,Wetland,Evening
S0558,2025-05-17 08:14:00,Fox,Playing,24.45769,78.50521,34.1,Rainy,Wetland,Night
S0559,2025-05-28 09:28:00,Peacock,Running,24.6501,78.3544,21.7,Sunny,Wetland,Night
S0560,2025-05-05 13:29:00,Rabbit,Socializing,24.44269,78.47037,27.2,Sunny,Savanna,Afternoon
S0561,2025-05-18 07:19:00,Fox,Running,24.37089,78.32433,26.8,Sunny,Forest,Afternoon
S0562,2025-05-27 08:48:00,Rabbit,Playing,24.66371,78.46484,32.8,Cloudy,Savanna,Evening
S0563,2025-05-01 14:24:00,Leopard,Alert,24.40874,78.49535,19.3,Windy,Wetland,Afternoon
S0564,2025-05-08 19:06:00,Peacock,Running,24.66669,78.52551,33.8,Cloudy,Grassland,Evening
S0565,2025-05-06 13:59:00,Elephant,Resting,24.56894,78.59967,30.3,Cloudy,Grassland,Afternoon
S0566,2025-05-10 20:40:00,Boar,Hunting,24.63323,78.3722,21.2,Sunny,Savanna,Afternoon
S0567,2025-05-10 10:27:00,Tiger,Alert,24.57483,78.62571,34.9,Cloudy,Wetland,Night
S0568,2025-05-10 04:40:00,Boar,Playing,24.40748,78.43229,31.1,Cloudy,Wetland,Night
S0569,2025-05-05 13:31:00,Fox,Hunting,24.46823,78.56672,18.4,Rainy,Forest,Evening
S0570,2025-05-27 05:24:00,Peacock,Grazing,24.44687,78.32795,23.4,Foggy,Wetland,Morning
S0571,2025-05-24 02:47:00,Wolf,Grazing,24.32545,78.44992,22.7,Windy,Forest,Evening
S0572,2025-05-19 22:15:00,Peacock,Socializing,24.32764,78.413,30.0,Foggy,Wetland,Night
S0573,2025-05-18 20:37:00,Peacock,Running,24.34922,78.31012,20.1,Foggy,Desert,Morning
S0574,2025-05-09 22:46:00,Deer,Socializing,24.48988,78.44417,23.3,Sunny,Desert,Morning
S0575,2025-05-20 05:37:00,Leopard,Running,24.43009,78.34022,23.8,Sunny,Forest,Afternoon
S0576,2025-05-07 17:14:00,Leopard,Alert,24.4602,78.40263,28.6,Rainy,Grassland,Morning
S0577,2025-05-20 07:51:00,Deer,Playing,24.32924,78.62711,19.8,Foggy,Desert,Afternoon
S0578,2025-05-19 08:58:00,Rabbit,Hunting,24.4992,78.68729,33.6,Foggy,Forest,Afternoon
S0579,2025-05-16 18:25:00,Boar,Grazing,24.32098,78.31945,21.6,Windy,Forest,Evening
S0580,2025-05-04 14:59:00,Wolf,Running,24.34135,78.49562,34.4,Windy,Savanna,Evening
S0581,2025-05-19 19:10:00,Boar,Grazing,24.35294,78.69925,32.1,Rainy,Desert,Night
S0582,2025-05-10 10:02:00,Peacock,Running,24.4452,78.31565,26.7,Sunny,Savanna,Night
S0583,2025-05-26 20:17:00,Peacock,Hunting,24.46194,78.63189,29.2,Sunny,Grassland,Morning
S0584,2025-05-19 09:59:00,Rabbit,Alert,24.56202,78.35051,26.6,Rainy,Forest,Night
S0585,2025-05-13 06:24:00,Elephant,Resting,24.41295,78.55222,19.2,Sunny,Forest,Afternoon
S0586,2025-05-08 16:04:00,Tiger,Playing,24.58598,78.35062,32.5,Rainy,Desert,Afternoon
S0587,2025-05-14 03:44:00,Wolf,Alert,24.56713,78.53425,27.8,Rainy,Desert,Afternoon
S0588,2025-05-20 08:25:00,Elephant,Playing,24.4625,78.34845,30.0,Rainy,Forest,Night
S0589,2025-05-25 02:52:00,Elephant,Hunting,24.49505,78.34556,34.2,Cloudy,Forest,Morning
S0590,2025-05-06 15:18:00,Deer,Playing,24.4807,78.42583,29.2,Rainy,Wetland,Afternoon
S0591,2025-05-07 10:32:00,Fox,Socializing,24.45178,78.32526,25.0,Cloudy,Wetland,Afternoon
S0592,2025-05-30 23:15:00,Elephant,Grazing,24.5422,78.50563,31.9,Foggy,Forest,Morning
S0593,2025-05-13 08:16:00,Deer,Grazing,24.54294,78.44306,35.0,Windy,Grassland,Evening
S0594,2025-05-15 06:58:00,Wolf,Socializing,24.31044,78.36892,21.8,Rainy,Desert,Night
S0595,2025-05-02 10:57:00,Tiger,Running,24.67668,78.61111,32.9,Windy,Forest,Evening
S0596,2025-05-02 23:54:00,Fox,Alert,24.3368,78.51716,26.3,Windy,Forest,Morning
S0597,2025-05-12 15:33:00,Deer,Playing,24.66638,78.39602,34.1,Foggy,Grassland,Evening
S0598,2025-05-15 03:36:00,Peacock,Resting,24.68773,78.52169,29.2,Sunny,Desert,Morning
S0599,2025-05-16 10:27:00,Deer,Socializing,24.46989,78.56275,29.3,Rainy,Savanna,Evening
S0600,2025-05-02 00:58:00,Wolf,Playing,24.42365,78.37306,21.3,Rainy,Wetland,Evening
S0601,2025-05-07 08:46:00,Rabbit,Running,24.54222,78.68328,23.8,Sunny,Grassland,Afternoon
S0602,2025-05-21 13:06:00,Rabbit,Running,24.54651,78.60682,34.0,Cloudy,Wetland,Night
S0603,2025-05-02 03:41:00,Wolf,Running,24.40652,78.63477,31.6,Foggy,Desert,Night
S0604,2025-05-20 20:52:00,Monkey,Playing,24.32978,78.4855,32.9,Cloudy,Wetland,Night
S0605,2025-05-09 18:56:00,Leopard,Playing,24.69303,78.49456,33.1,Sunny,Wetland,Morning
S0606,2025-05-18 04:21:00,Peacock,Running,24.57451,78.67115,30.8,Cloudy,Forest,Evening
S0607,2025-05-08 16:31:00,Leopard,Grazing,24.43588,78.62152,22.6,Rainy,Forest,Afternoon
S0608,2025-05-23 23:29:00,Peacock,Resting,24.65046,78.38812,25.5,Foggy,Savanna,Evening
S0609,2025-05-07 15:54:00,Leopard,Running,24.39861,78.51854,26.8,Rainy,Savanna,Afternoon
S0610,2025-05-22 08:59:00,Elephant,Socializing,24.35225,78.42559,23.5,Sunny,Desert,Night
S0611,2025-05-24 05:01:00,Boar,Socializing,24.34947,78.39703,21.4,Sunny,Desert,Evening
S0612,2025-05-15 11:40:00,Rabbit,Alert,24.50758,78.68446,26.0,Cloudy,Forest,Evening
S0613,2025-05-13 22:00:00,Fox,Resting,24.53567,78.59991,34.7,Windy,Forest,Evening
S0614,2025-05-12 20:06:00,Tiger,Grazing,24.41643,78.49055,30.7,Rainy,Savanna,Night
S0615,2025-05-06 23:35:00,Leopard,Alert,24.36304,78.68398,24.3,Cloudy,Grassland,Night
S0616,2025-05-10 20:29:00,Tiger,Resting,24.42112,78.65373,34.6,Sunny,Wetland,Morning
S0617,2025-05-16 04:12:00,Rabbit,Running,24.60738,78.43769,23.1,Cloudy,Savanna,Morning
S0618,2025-05-25 14:59:00,Leopard,Resting,24.60389,78.59801,26.7,Windy,Savanna,Evening
S0619,2025-05-08 20:39:00,Peacock,Running,24.57586,78.37844,21.7,Cloudy,Desert,Night
S0620,2025-05-17 03:21:00,Rabbit,Resting,24.56084,78.42713,23.9,Windy,Forest,Evening
S0621,2025-05-13 14:16:00,Deer,Grazing,24.58041,78.33467,24.5,Foggy,Desert,Morning
S0622,2025-05-12 00:53:00,Rabbit,Alert,24.51086,78.43509,26.6,Cloudy,Wetland,Morning
S0623,2025-05-04 18:20:00,Wolf,Hunting,24.66518,78.62894,28.3,Foggy,Desert,Evening
S0624,2025-05-28 14:21:00,Rabbit,Running,24.40726,78.38777,29.0,Sunny,Grassland,Afternoon
S0625,2025-05-20 07:04:00,Tiger,Grazing,24.6584,78.61935,22.5,Cloudy,Grassland,Night
S0626,2025-05-02 11:56:00,Leopard,Alert,24.55545,78.65513,34.1,Rainy,Grassland,Morning
S0627,2025-05-10 09:33:00,Wolf,Grazing,24.53499,78.3569,33.7,Sunny,Desert,Night
S0628,2025-05-15 19:23:00,Monkey,Socializing,24.46937,78.54212,23.3,Windy,Forest,Afternoon
S0629,2025-05-01 14:14:00,Rabbit,Resting,24.35247,78.43651,19.9,Rainy,Forest,Evening
S0630,2025-05-08 22:29:00,Tiger,Playing,24.40626,78.68232,33.8,Sunny,Desert,Morning
S0631,2025-05-29 00:41:00,Boar,Playing,24.69201,78.32844,26.0,Rainy,Forest,Night
S0632,2025-05-15 15:26:00,Leopard,Hunting,24.62755,78.37974,24.5,Rainy,Grassland,Evening
S0633,2025-05-13 08:08:00,Boar,Socializing,24.39673,78.40493,28.7,Windy,Desert,Afternoon
S0634,2025-05-07 23:58:00,Fox,Grazing,24.43901,78.43797,24.5,Windy,Forest,Morning
S0635,2025-05-23 04:57:00,Deer,Socializing,24.42726,78.58626,32.2,Rainy,Wetland,Morning
S0636,2025-05-20 10:36:00,Monkey,Resting,24.6892,78.54169,21.0,Foggy,Forest,Morning
S0637,2025-05-09 22:24:00,Deer,Resting,24.62224,78.41039,34.3,Cloudy,Grassland,Morning
S0638,2025-05-17 11:47:00,Peacock,Socializing,24.34957,78.50319,25.2,Foggy,Desert,Night
S0639,2025-05-27 19:28:00,Wolf,Playing,24.49128,78.35093,20.8,Rainy,Wetland,Morning
S0640,2025-05-10 02:10:00,Peacock,Alert,24.41045,78.63424,28.3,Windy,Savanna,Afternoon
S0641,2025-05-30 21:39:00,Fox,Socializing,24.55717,78.40433,32.4,Windy,Forest,Evening
S0642,2025-05-13 17:58:00,Elephant,Hunting,24.67925,78.50659,34.6,Foggy,Forest,Night
S0643,2025-05-16 06:22:00,Elephant,Alert,24.67882,78.48565,32.4,Windy,Savanna,Evening
S0644,2025-05-03 16:15:00,Elephant,Playing,24.38437,78.33069,23.5,Foggy,Wetland,Evening
S0645,2025-05-23 13:02:00,Boar,Socializing,24.67651,78.68642,22.0,Rainy,Forest,Night
S0646,2025-05-13 09:17:00,Fox,Alert,24.54977,78.52292,27.3,Foggy,Forest,Evening
S0647,2025-05-24 15:59:00,Peacock,Socializing,24.65633,78.69248,22.9,Rainy,Grassland,Morning
S0648,2025-05-23 19:47:00,Boar,Alert,24.47098,78.58797,29.5,Sunny,Grassland,Evening
S0649,2025-05-22 12:45:00,Wolf,Alert,24.4643,78.41572,26.5,Cloudy,Forest,Night
S0650,2025-05-03 16:14:00,Fox,Running,24.56999,78.66609,33.4,Rainy,Grassland,Evening
S0651,2025-05-23 05:34:00,Elephant,Running,24.65597,78.38504,24.2,Windy,Forest,Afternoon
S0652,2025-05-27 04:01:00,Deer,Alert,24.36886,78.51007,23.3,Foggy,Forest,Evening
S0653,2025-05-29 11:15:00,Wolf,Alert,24.40409,78.48512,32.4,Cloudy,Desert,Evening
S0654,2025-05-07 11:09:00,Rabbit,Resting,24.4953,78.55495,27.5,Windy,Wetland,Evening
S0655,2025-05-07 04:08:00,Monkey,Resting,24.5149,78.38267,26.9,Windy,Grassland,Night
S0656,2025-05-25 22:38:00,Tiger,Running,24.68363,78.49414,20.7,Sunny,Grassland,Morning
S0657,2025-05-04 04:55:00,Boar,Hunting,24.49377,78.58881,25.8,Rainy,Savanna,Afternoon
S0658,2025-05-12 15:16:00,Monkey,Hunting,24.56881,78.37742,30.3,Sunny,Savanna,Evening
S0659,2025-05-09 08:16:00,Deer,Alert,24.35351,78.3803,33.9,Cloudy,Grassland,Night
S0660,2025-05-24 19:51:00,Leopard,Playing,24.61878,78.60293,20.1,Rainy,Savanna,Morning
S0661,2025-05-12 19:14:00,Peacock,Running,24.52147,78.5876,23.4,Sunny,Desert,Afternoon
S0662,2025-05-04 23:43:00,Deer,Alert,24.49991,78.34263,29.4,Windy,Forest,Night
S0663,2025-05-06 17:53:00,Fox,Grazing,24.60327,78.41362,30.7,Foggy,Desert,Afternoon
S0664,2025-05-22 03:05:00,Wolf,Socializing,24.4709,78.55594,26.6,Sunny,Grassland,Evening
S0665,2025-05-16 04:10:00,Leopard,Resting,24.53279,78.43356,29.0,Windy,Grassland,Morning
S0666,2025-05-09 01:26:00,Fox,Socializing,24.66458,78.45341,33.4,Cloudy,Grassland,Night
S0667,2025-05-01 14:29:00,Wolf,Running,24.64601,78.62069,24.7,Sunny,Grassland,Night
S0668,2025-05-24 06:47:00,Tiger,Resting,24.60268,78.67272,24.7,Rainy,Grassland,Morning
S0669,2025-05-17 13:27:00,Peacock,Socializing,24.40829,78.39934,31.1,Cloudy,Desert,Morning
S0670,2025-05-03 03:20:00,Monkey,Playing,24.58019,78.51469,23.5,Foggy,Forest,Afternoon
S0671,2025-05-17 20:14:00,Wolf,Grazing,24.61239,78.53286,29.2,Cloudy,Savanna,Night
S0672,2025-05-20 00:48:00,Elephant,Socializing,24.48121,78.56853,24.9,Cloudy,Forest,Morning
S0673,2025-05-20 16:14:00,Elephant,Playing,24.62705,78.49297,33.0,Sunny,Savanna,Evening
S0674,2025-05-30 07:08:00,Peacock,Running,24.66903,78.65994,24.9,Rainy,Savanna,Morning
S0675,2025-05-22 20:57:00,Boar,Resting,24.62714,78.3886,28.9,Windy,Savanna,Morning
S0676,2025-05-27 09:29:00,Fox,Resting,24.41977,78.37191,30.0,Rainy,Forest,Evening
S0677,2025-05-14 10:14:00,Boar,Running,24.5492,78.63995,20.9,Rainy,Savanna,Night
S0678,2025-05-04 12:11:00,Monkey,Playing,24.38811,78.60972,18.6,Rainy,Wetland,Night
S0679,2025-05-12 06:08:00,Peacock,Resting,24.43118,78.65053,30.3,Sunny,Desert,Afternoon
S0680,2025-05-13 08:23:00,Tiger,Hunting,24.32924,78.38996,21.7,Windy,Forest,Evening
S0681,2025-05-06 04:53:00,Wolf,Alert,24.46896,78.65889,33.6,Sunny,Wetland,Night
S0682,2025-05-26 13:44:00,Monkey,Playing,24.46105,78.36909,18.9,Sunny,Wetland,Afternoon
S0683,2025-05-06 12:50:00,Tiger,Running,24.56111,78.4464,30.5,Rainy,Wetland,Afternoon
S0684,2025-05-07 22:14:00,Tiger,Alert,24.38594,78.56883,18.6,Sunny,Desert,Afternoon
S0685,2025-05-12 23:11:00,Boar,Hunting,24.3154,78.4891,18.8,Sunny,Desert,Evening
S0686,2025-05-03 23:16:00,Rabbit,Hunting,24.44576,78.30906,31.5,Sunny,Forest,Night
S0687,2025-05-19 14:04:00,Leopard,Hunting,24.55497,78.51279,19.0,Rainy,Grassland,Morning
S0688,2025-05-14 14:27:00,Monkey,Resting,24.6297,78.55503,20.2,Windy,Forest,Morning
S0689,2025-05-28 03:43:00,Elephant,Hunting,24.39811,78.69739,30.6,Sunny,Desert,Morning
S0690,2025-05-30 19:39:00,Rabbit,Running,24.6226,78.30621,33.2,Rainy,Forest,Evening
S0691,2025-05-25 14:12:00,Rabbit,Resting,24.38307,78.41227,20.0,Foggy,Desert,Morning
S0692,2025-05-24 20:57:00,Boar,Alert,24.3967,78.33872,31.6,Sunny,Savanna,Morning
S0693,2025-05-09 20:42:00,Boar,Hunting,24.6589,78.45624,31.3,Sunny,Wetland,Afternoon
S0694,2025-05-12 06:08:00,Tiger,Playing,24.67635,78.4301,28.3,Sunny,Desert,Night
S0695,2025-05-14 19:24:00,Tiger,Playing,24.59951,78.31811,30.5,Sunny,Grassland,Evening
S0696,2025-05-24 16:12:00,Boar,Socializing,24.65352,78.34289,21.4,Rainy,Forest,Evening
S0697,2025-05-09 02:28:00,Tiger,Resting,24.42686,78.30925,21.3,Rainy,Grassland,Night
S0698,2025-05-02 03:03:00,Boar,Alert,24.38399,78.69755,32.8,Windy,Savanna,Evening
S0699,2025-05-04 20:54:00,Rabbit,Socializing,24.4087,78.30024,19.7,Foggy,Savanna,Afternoon
S0700,2025-05-29 05:55:00,Monkey,Grazing,24.61936,78.44787,30.2,Rainy,Wetland,Morning
S0701,2025-05-07 00:10:00,Monkey,Playing,24.40443,78.60583,34.7,Rainy,Forest,Night
S0702,2025-05-02 00:37:00,Rabbit,Alert,24.50227,78.38506,21.7,Windy,Forest,Afternoon
S0703,2025-05-11 10:52:00,Fox,Resting,24.54563,78.59075,32.4,Windy,Wetland,Evening
S0704,2025-05-12 12:40:00,Rabbit,Alert,24.62137,78.61819,26.3,Cloudy,Grassland,Night
S0705,2025-05-20 09:18:00,Deer,Resting,24.51527,78.63725,29.3,Foggy,Desert,Afternoon
S0706,2025-05-05 01:16:00,Peacock,Running,24.61352,78.38266,31.5,Foggy,Forest,Morning
S0707,2025-05-13 06:41:00,Monkey,Socializing,24.36548,78.31009,29.2,Sunny,Forest,Night
S0708,2025-05-23 21:01:00,Peacock,Socializing,24.42611,78.66051,30.4,Foggy,Grassland,Evening
S0709,2025-05-07 06:34:00,Deer,Playing,24.68634,78.36422,25.9,Cloudy,Wetland,Evening
S0710,2025-05-30 14:46:00,Leopard,Hunting,24.37658,78.64658,19.5,Rainy,Grassland,Afternoon
S0711,2025-05-20 19:54:00,Fox,Hunting,24.30564,78.45679,18.8,Sunny,Grassland,Morning
S0712,2025-05-25 18:52:00,Leopard,Alert,24.36016,78.60346,24.3,Cloudy,Wetland,Afternoon
S0713,2025-05-27 12:30:00,Leopard,Playing,24.64502,78.64363,30.7,Windy,Desert,Afternoon
S0714,2025-05-19 09:34:00,Elephant,Alert,24.647,78.54734,18.9,Cloudy,Wetland,Evening
S0715,2025-05-02 19:34:00,Deer,Socializing,24.59809,78.36835,31.9,Sunny,Wetland,Night
S0716,2025-05-05 18:08:00,Boar,Socializing,24.66477,78.44885,23.7,Cloudy,Savanna,Morning
S0717,2025-05-06 19:02:00,Deer,Running,24.60441,78.67413,26.7,Cloudy,Desert,Afternoon
S0718,2025-05-15 22:33:00,Fox,Hunting,24.61991,78.56891,30.0,Foggy,Desert,Afternoon
S0719,2025-05-13 21:08:00,Peacock,Socializing,24.66876,78.66341,29.9,Rainy,Desert,Evening
S0720,2025-05-25 01:31:00,Monkey,Alert,24.52445,78.44238,34.3,Rainy,Desert,Evening
S0721,2025-05-24 14:10:00,Monkey,Running,24.3686,78.69995,20.1,Windy,Grassland,Afternoon
S0722,2025-05-15 23:39:00,Boar,Running,24.33623,78.47004,27.2,Sunny,Desert,Night
S0723,2025-05-13 17:11:00,Rabbit,Playing,24.55579,78.68431,18.9,Foggy,Savanna,Morning
S0724,2025-05-28 06:26:00,Peacock,Grazing,24.4755,78.53172,27.8,Windy,Desert,Morning
S0725,2025-05-24 23:52:00,Peacock,Playing,24.6434,78.6742,30.8,Cloudy,Forest,Night
S0726,2025-05-22 06:57:00,Rabbit,Running,24.32742,78.39662,24.9,Rainy,Wetland,Night
S0727,2025-05-02 16:11:00,Tiger,Resting,24.49786,78.52551,32.7,Rainy,Wetland,Morning
S0728,2025-05-25 22:54:00,Elephant,Alert,24.48947,78.32957,22.0,Windy,Desert,Afternoon
S0729,2025-05-23 04:44:00,Monkey,Alert,24.67292,78.64241,30.9,Cloudy,Grassland,Morning
S0730,2025-05-26 08:00:00,Fox,Socializing,24.30368,78.61296,20.0,Cloudy,Grassland,Morning
S0731,2025-05-12 22:12:00,Wolf,Running,24.33373,78.41892,22.1,Rainy,Wetland,Afternoon
S0732,2025-05-11 10:52:00,Wolf,Alert,24.40951,78.3962,22.0,Sunny,Wetland,Night
S0733,2025-05-05 21:46:00,Tiger,Running,24.44579,78.68794,33.9,Cloudy,Forest,Evening
S0734,2025-05-09 23:13:00,Tiger,Alert,24.33662,78.57385,28.6,Sunny,Forest,Morning
S0735,2025-05-01 18:29:00,Fox,Running,24.40007,78.42267,32.6,Sunny,Wetland,Evening
S0736,2025-05-02 02:57:00,Boar,Alert,24.3327,78.57422,27.9,Rainy,Desert,Evening
S0737,2025-05-04 18:31:00,Elephant,Alert,24.69031,78.45155,27.5,Foggy,Wetland,Evening
S0738,2025-05-30 23:43:00,Wolf,Alert,24.41686,78.46174,25.4,Sunny,Wetland,Afternoon
S0739,2025-05-27 23:45:00,Tiger,Socializing,24.52125,78.60159,20.0,Cloudy,Grassland,Afternoon
S0740,2025-05-21 00:52:00,Deer,Hunting,24.53789,78.37518,21.3,Foggy,Savanna,Evening
S0741,2025-05-19 09:49:00,Leopard,Hunting,24.46443,78.30116,22.3,Rainy,Wetland,Afternoon
S0742,2025-05-05 03:14:00,Rabbit,Hunting,24.56046,78.34029,33.9,Cloudy,Desert,Evening
S0743,2025-05-02 11:34:00,Boar,Resting,24.42735,78.4245,23.6,Foggy,Wetland,Afternoon
S0744,2025-05-18 07:54:00,Deer,Hunting,24.40111,78.44312,33.6,Foggy,Savanna,Morning
S0745,2025-05-09 01:11:00,Leopard,Playing,24.40477,78.54621,23.2,Windy,Wetland,Afternoon
S0746,2025-05-23 15:06:00,Tiger,Resting,24.52171,78.56853,27.8,Windy,Savanna,Night
S0747,2025-05-09 04:48:00,Leopard,Grazing,24.56301,78.40444,19.2,Foggy,Desert,Night
S0748,2025-05-04 07:38:00,Peacock,Socializing,24.61207,78.47691,25.7,Foggy,Forest,Morning
S0749,2025-05-29 06:41:00,Monkey,Playing,24.45256,78.35349,31.4,Sunny,Forest,Night
S0750,2025-05-24 08:02:00,Rabbit,Resting,24.30898,78.6644,32.5,Foggy,Forest,Evening
S0751,2025-05-14 18:51:00,Tiger,Alert,24.67375,78.48587,33.5,Foggy,Savanna,Night
S0752,2025-05-13 14:44:00,Leopard,Playing,24.63655,78.53663,28.2,Windy,Forest,Afternoon
S0753,2025-05-29 22:53:00,Rabbit,Alert,24.33677,78.61562,31.9,Foggy,Savanna,Morning
S0754,2025-05-06 01:43:00,Deer,Playing,24.34203,78.31707,27.6,Rainy,Forest,Night
S0755,2025-05-29 15:00:00,Monkey,Running,24.40212,78.31304,19.2,Foggy,Grassland,Afternoon
S0756,2025-05-16 12:29:00,Leopard,Grazing,24.53932,78.6898,21.6,Windy,Savanna,Morning
S0757,2025-05-03 17:13:00,Fox,Grazing,24.40182,78.51433,35.0,Windy,Wetland,Morning
S0758,2025-05-15 18:19:00,Boar,Socializing,24.43472,78.54492,19.3,Rainy,Grassland,Evening
S0759,2025-05-23 09:35:00,Fox,Hunting,24.36042,78.64102,24.2,Sunny,Savanna,Night
S0760,2025-05-25 16:43:00,Tiger,Socializing,24.57896,78.31668,29.1,Foggy,Forest,Evening
S0761,2025-05-28 22:16:00,Monkey,Alert,24.39561,78.37728,18.6,Windy,Forest,Afternoon
S0762,2025-05-19 08:55:00,Deer,Grazing,24.41838,78.36243,32.3,Cloudy,Grassland,Night
S0763,2025-05-22 18:50:00,Monkey,Alert,24.5312,78.31845,22.7,Windy,Grassland,Morning
S0764,2025-05-03 18:18:00,Elephant,Playing,24.46052,78.36163,28.7,Sunny,Savanna,Morning
S0765,2025-05-10 05:49:00,Elephant,Playing,24.38417,78.59222,28.7,Rainy,Savanna,Night
S0766,2025-05-14 02:35:00,Rabbit,Running,24.40719,78.61221,29.8,Rainy,Desert,Night
S0767,2025-05-23 21:27:00,Rabbit,Hunting,24.48146,78.57929,29.2,Foggy,Wetland,Morning
S0768,2025-05-01 09:51:00,Peacock,Hunting,24.49345,78.43384,28.5,Rainy,Desert,Night
S0769,2025-05-27 00:26:00,Rabbit,Grazing,24.4923,78.69886,23.6,Rainy,Grassland,Evening
S0770,2025-05-01 23:51:00,Leopard,Alert,24.68649,78.4058,20.8,Cloudy,Wetland,Morning
S0771,2025-05-05 14:43:00,Fox,Playing,24.53065,78.32335,20.8,Windy,Forest,Evening
S0772,2025-05-12 12:23:00,Fox,Running,24.51545,78.39365,19.5,Rainy,Wetland,Evening
S0773,2025-05-29 18:42:00,Elephant,Socializing,24.35341,78.69141,25.1,Foggy,Forest,Afternoon
S0774,2025-05-19 10:16:00,Monkey,Playing,24.36364,78.35586,34.5,Cloudy,Grassland,Morning
S0775,2025-05-29 00:14:00,Leopard,Alert,24.61375,78.53572,20.3,Foggy,Savanna,Afternoon
S0776,2025-05-15 23:50:00,Leopard,Resting,24.55915,78.39867,31.2,Rainy,Grassland,Night
S0777,2025-05-21 07:30:00,Peacock,Socializing,24.49601,78.59189,25.6,Sunny,Forest,Evening
S0778,2025-05-10 09:19:00,Elephant,Socializing,24.53924,78.58901,24.9,Foggy,Grassland,Evening
S0779,2025-05-15 06:53:00,Monkey,Alert,24.33412,78.38942,20.1,Cloudy,Desert,Afternoon
S0780,2025-05-11 00:36:00,Tiger,Socializing,24.54143,78.67668,19.8,Sunny,Desert,Afternoon
S0781,2025-05-06 02:19:00,Tiger,Resting,24.4472,78.50019,22.6,Sunny,Grassland,Morning
S0782,2025-05-29 03:06:00,Tiger,Socializing,24.36174,78.41001,21.3,Windy,Savanna,Morning
S0783,2025-05-08 13:26:00,Leopard,Alert,24.32445,78.52298,27.4,Windy,Forest,Night
S0784,2025-05-13 11:52:00,Tiger,Grazing,24.45226,78.60299,24.2,Sunny,Wetland,Afternoon
S0785,2025-05-24 04:43:00,Monkey,Running,24.47817,78.64177,32.0,Rainy,Wetland,Evening
S0786,2025-05-30 16:59:00,Leopard,Playing,24.67693,78.47104,20.0,Cloudy,Desert,Morning
S0787,2025-05-17 01:31:00,Boar,Grazing,24.64499,78.51574,32.6,Cloudy,Savanna,Evening
S0788,2025-05-27 04:48:00,Leopard,Grazing,24.39663,78.50335,24.0,Foggy,Savanna,Morning
S0789,2025-05-06 19:40:00,Fox,Playing,24.48593,78.43109,25.8,Rainy,Forest,Evening
S0790,2025-05-22 10:49:00,Boar,Playing,24.58011,78.59352,32.7,Windy,Forest,Afternoon
S0791,2025-05-04 20:24:00,Wolf,Grazing,24.51681,78.33703,31.7,Windy,Wetland,Afternoon
S0792,2025-05-10 14:44:00,Deer,Playing,24.47284,78.60674,25.2,Windy,Grassland,Morning
S0793,2025-05-26 02:52:00,Tiger,Playing,24.55017,78.67963,18.6,Windy,Grassland,Afternoon
S0794,2025-05-21 12:03:00,Peacock,Socializing,24.62925,78.58814,27.9,Sunny,Desert,Evening
S0795,2025-05-16 00:41:00,Peacock,Alert,24.64366,78.51435,26.2,Windy,Savanna,Morning
S0796,2025-05-27 12:39:00,Wolf,Resting,24.31497,78.45546,23.9,Foggy,Wetland,Night
S0797,2025-05-29 14:33:00,Monkey,Running,24.67946,78.31564,25.1,Foggy,Grassland,Night
S0798,2025-05-27 02:50:00,Deer,Hunting,24.63308,78.68715,20.8,Foggy,Forest,Evening
S0799,2025-05-19 15:56:00,Elephant,Alert,24.52545,78.48932,29.8,Rainy,Grassland,Evening
S0800,2025-05-17 13:36:00,Boar,Socializing,24.41713,78.37127,34.8,Foggy,Wetland,Afternoon
S0801,2025-05-04 19:38:00,Fox,Grazing,24.64775,78.402,28.5,Rainy,Forest,Evening
S0802,2025-05-05 03:30:00,Monkey,Running,24.64521,78.4921,24.2,Rainy,Desert,Morning
S0803,2025-05-12 04:54:00,Fox,Grazing,24.64766,78.42283,26.7,Cloudy,Forest,Night
S0804,2025-05-15 06:47:00,Boar,Resting,24.42192,78.65846,25.0,Rainy,Desert,Morning
S0805,2025-05-19 00:24:00,Monkey,Running,24.67847,78.48479,32.5,Windy,Grassland,Afternoon
S0806,2025-05-29 04:42:00,Deer,Alert,24.41676,78.50533,20.7,Cloudy,Grassland,Evening
S0807,2025-05-30 14:42:00,Fox,Hunting,24.30538,78.68172,24.6,Windy,Savanna,Night
S0808,2025-05-03 22:17:00,Peacock,Socializing,24.48302,78.33351,32.5,Sunny,Desert,Night
S0809,2025-05-09 18:47:00,Deer,Running,24.32185,78.46838,33.4,Foggy,Grassland,Evening
S0810,2025-05-02 20:00:00,Tiger,Resting,24.30693,78.59213,32.9,Rainy,Forest,Morning
S0811,2025-05-29 01:36:00,Leopard,Resting,24.34136,78.47812,26.3,Windy,Wetland,Evening
S0812,2025-05-24 00:22:00,Peacock,Grazing,24.3411,78.52972,20.4,Foggy,Wetland,Evening
S0813,2025-05-09 04:13:00,Elephant,Resting,24.53091,78.56063,30.1,Sunny,Forest,Morning
S0814,2025-05-15 06:46:00,Boar,Playing,24.44671,78.34514,29.5,Cloudy,Savanna,Evening
S0815,2025-05-20 01:53:00,Peacock,Resting,24.35605,78.48675,30.1,Sunny,Savanna,Afternoon
S0816,2025-05-07 21:50:00,Boar,Socializing,24.3641,78.61823,24.6,Windy,Grassland,Morning
S0817,2025-05-21 05:01:00,Leopard,Socializing,24.34199,78.45411,34.4,Sunny,Wetland,Night
S0818,2025-05-19 00:04:00,Elephant,Hunting,24.45368,78.58938,30.4,Sunny,Wetland,Night
S0819,2025-05-11 20:24:00,Deer,Playing,24.3682,78.6403,30.7,Cloudy,Forest,Afternoon
S0820,2025-05-04 00:12:00,Deer,Resting,24.63478,78.51297,27.4,Sunny,Desert,Evening
S0821,2025-05-05 20:19:00,Monkey,Grazing,24.32454,78.38972,26.0,Rainy,Desert,Morning
S0822,2025-05-08 11:42:00,Peacock,Running,24.42248,78.66956,20.4,Windy,Grassland,Morning
S0823,2025-05-22 06:01:00,Elephant,Running,24.41968,78.48145,19.1,Rainy,Savanna,Evening
S0824,2025-05-07 04:11:00,Elephant,Hunting,24.51066,78.40936,26.5,Windy,Savanna,Evening
S0825,2025-05-12 09:49:00,Monkey,Hunting,24.30959,78.31733,24.9,Windy,Savanna,Evening
S0826,2025-05-17 22:55:00,Deer,Running,24.34131,78.52393,19.8,Rainy,Forest,Night
S0827,2025-05-27 05:56:00,Tiger,Socializing,24.50645,78.59021,31.9,Cloudy,Savanna,Afternoon
S0828,2025-05-21 19:39:00,Peacock,Running,24.30905,78.49304,21.5,Windy,Savanna,Night
S0829,2025-05-16 00:20:00,Boar,Playing,24.33651,78.5051,25.8,Foggy,Savanna,Afternoon
S0830,2025-05-11 21:39:00,Peacock,Playing,24.54295,78.55925,24.9,Cloudy,Desert,Afternoon
S0831,2025-05-03 21:07:00,Fox,Running,24.45009,78.30395,26.2,Cloudy,Desert,Evening
S0832,2025-05-10 08:01:00,Tiger,Grazing,24.34047,78.30985,26.9,Windy,Grassland,Night
S0833,2025-05-19 04:03:00,Peacock,Socializing,24.40015,78.38594,23.9,Foggy,Forest,Morning
S0834,2025-05-11 21:26:00,Rabbit,Resting,24.42204,78.5823,33.2,Sunny,Savanna,Morning
S0835,2025-05-07 01:18:00,Wolf,Playing,24.33362,78.56995,18.3,Windy,Savanna,Evening
S0836,2025-05-25 20:57:00,Elephant,Running,24.39029,78.32685,20.1,Cloudy,Grassland,Morning
S0837,2025-05-16 11:11:00,Monkey,Hunting,24.37134,78.64644,22.8,Foggy,Forest,Night
S0838,2025-05-27 07:32:00,Fox,Grazing,24.4656,78.38931,29.7,Windy,Desert,Morning
S0839,2025-05-25 01:12:00,Deer,Grazing,24.42187,78.61341,19.0,Windy,Savanna,Morning
S0840,2025-05-11 04:44:00,Leopard,Socializing,24.61155,78.42954,28.6,Sunny,Wetland,Morning
S0841,2025-05-20 18:49:00,Tiger,Alert,24.42907,78.50354,26.1,Rainy,Savanna,Evening
S0842,2025-05-25 06:00:00,Wolf,Resting,24.52459,78.35075,20.2,Rainy,Wetland,Afternoon
S0843,2025-05-11 13:41:00,Leopard,Playing,24.32831,78.48847,32.4,Windy,Forest,Afternoon
S0844,2025-05-14 14:04:00,Deer,Resting,24.62821,78.64147,30.0,Foggy,Forest,Afternoon
S0845,2025-05-20 09:31:00,Deer,Running,24.67047,78.60143,25.6,Cloudy,Grassland,Night
S0846,2025-05-15 14:39:00,Deer,Alert,24.55574,78.64074,34.9,Cloudy,Forest,Evening
S0847,2025-05-20 18:27:00,Monkey,Alert,24.69376,78.68164,31.2,Foggy,Wetland,Afternoon
S0848,2025-05-14 12:37:00,Leopard,Running,24.6043,78.56503,23.8,Rainy,Savanna,Afternoon
S0849,2025-05-27 16:51:00,Leopard,Hunting,24.39564,78.39121,28.1,Windy,Grassland,Night
S0850,2025-05-09 21:50:00,Peacock,Hunting,24.43823,78.41006,21.4,Sunny,Wetland,Night
S0851,2025-05-07 19:47:00,Leopard,Hunting,24.60191,78.63521,25.4,Windy,Grassland,Morning
S0852,2025-05-26 17:59:00,Leopard,Alert,24.53363,78.46494,23.0,Foggy,Forest,Night
S0853,2025-05-26 14:49:00,Wolf,Hunting,24.32002,78.49278,29.1,Rainy,Forest,Afternoon
S0854,2025-05-21 13:49:00,Tiger,Hunting,24.68973,78.68367,18.2,Rainy,Forest,Morning
S0855,2025-05-11 22:24:00,Rabbit,Playing,24.32124,78.59917,23.8,Windy,Savanna,Evening
S0856,2025-05-07 10:36:00,Peacock,Grazing,24.47193,78.43372,34.7,Rainy,Forest,Morning
S0857,2025-05-21 00:15:00,Tiger,Alert,24.37254,78.58717,32.0,Sunny,Desert,Morning
S0858,2025-05-22 22:50:00,Deer,Grazing,24.68189,78.49129,29.9,Rainy,Grassland,Morning
S0859,2025-05-29 04:23:00,Deer,Playing,24.50892,78.65697,33.5,Windy,Grassland,Night
S0860,2025-05-31 00:36:00,Tiger,Running,24.32113,78.69895,21.8,Sunny,Forest,Night
S0861,2025-05-29 00:58:00,Fox,Grazing,24.56031,78.41489,18.9,Cloudy,Wetland,Evening
S0862,2025-05-19 14:49:00,Elephant,Playing,24.56201,78.58366,19.7,Windy,Grassland,Night
S0863,2025-05-11 21:38:00,Deer,Grazing,24.61877,78.36119,22.6,Rainy,Desert,Afternoon
S0864,2025-05-21 15:26:00,Wolf,Socializing,24.51886,78.53745,33.6,Sunny,Desert,Afternoon
S0865,2025-05-14 07:46:00,Leopard,Grazing,24.54253,78.34471,25.7,Sunny,Desert,Night
S0866,2025-05-02 03:32:00,Boar,Resting,24.37748,78.48982,28.9,Windy,Forest,Morning
S0867,2025-05-24 18:33:00,Wolf,Hunting,24.54798,78.67479,18.8,Cloudy,Savanna,Night
S0868,2025-05-19 10:02:00,Elephant,Running,24.39271,78.43387,19.1,Foggy,Savanna,Afternoon
S0869,2025-05-03 04:15:00,Deer,Playing,24.43971,78.47811,24.8,Windy,Grassland,Evening
S0870,2025-05-24 04:24:00,Fox,Alert,24.55356,78.55732,29.7,Windy,Desert,Morning
S0871,2025-05-08 07:21:00,Tiger,Playing,24.62238,78.64084,20.6,Sunny,Savanna,Afternoon
S0872,2025-05-02 06:23:00,Leopard,Playing,24.59258,78.68308,23.8,Sunny,Forest,Night
S0873,2025-05-13 17:34:00,Fox,Playing,24.43938,78.67249,23.5,Foggy,Savanna,Afternoon
S0874,2025-05-09 06:43:00,Peacock,Running,24.61483,78.53902,23.9,Rainy,Grassland,Evening
S0875,2025-05-03 20:21:00,Boar,Socializing,24.67325,78.3743,19.0,Windy,Grassland,Night
S0876,2025-05-23 22:45:00,Deer,Resting,24.39352,78.45599,30.8,Cloudy,Savanna,Evening
S0877,2025-05-02 16:52:00,Elephant,Hunting,24.54716,78.47622,23.3,Cloudy,Wetland,Night
S0878,2025-05-12 18:14:00,Tiger,Alert,24.66973,78.50738,21.5,Cloudy,Desert,Morning
S0879,2025-05-09 21:48:00,Rabbit,Socializing,24.55763,78.41095,19.5,Foggy,Forest,Morning
S0880,2025-05-20 05:09:00,Boar,Playing,24.41186,78.67454,32.6,Rainy,Grassland,Afternoon
S0881,2025-05-17 23:44:00,Monkey,Grazing,24.59218,78.3602,25.3,Foggy,Grassland,Evening
S0882,2025-05-15 05:22:00,Leopard,Alert,24.65941,78.65782,21.5,Foggy,Forest,Night
S0883,2025-05-12 08:24:00,Boar,Grazing,24.44895,78.44886,24.5,Sunny,Grassland,Afternoon
S0884,2025-05-01 10:34:00,Wolf,Grazing,24.62824,78.6788,18.6,Foggy,Forest,Afternoon
S0885,2025-05-25 13:38:00,Tiger,Hunting,24.57939,78.56065,32.0,Sunny,Desert,Afternoon
S0886,2025-05-30 19:35:00,Monkey,Playing,24.43783,78.4493,32.2,Rainy,Desert,Night
S0887,2025-05-24 09:39:00,Tiger,Grazing,24.49708,78.6723,23.5,Foggy,Savanna,Night
S0888,2025-05-17 14:15:00,Tiger,Playing,24.61584,78.48872,24.6,Rainy,Forest,Morning
S0889,2025-05-17 13:28:00,Peacock,Socializing,24.67449,78.34132,25.6,Sunny,Desert,Afternoon
S0890,2025-05-30 19:03:00,Monkey,Alert,24.52726,78.41646,25.2,Rainy,Forest,Evening
S0891,2025-05-21 20:45:00,Deer,Playing,24.54265,78.35779,29.7,Foggy,Forest,Afternoon
S0892,2025-05-22 05:41:00,Leopard,Playing,24.3954,78.48281,27.8,Windy,Forest,Evening
S0893,2025-05-22 09:53:00,Leopard,Resting,24.38694,78.41566,20.7,Cloudy,Desert,Night
S0894,2025-05-01 10:04:00,Peacock,Playing,24.68355,78.6022,34.5,Foggy,Desert,Afternoon
S0895,2025-05-13 22:47:00,Boar,Grazing,24.61773,78.54205,24.3,Rainy,Grassland,Night
S0896,2025-05-30 19:46:00,Monkey,Socializing,24.3387,78.59125,22.4,Sunny,Forest,Morning
S0897,2025-05-06 18:19:00,Deer,Grazing,24.61152,78.36155,25.6,Windy,Grassland,Morning
S0898,2025-05-11 10:08:00,Deer,Hunting,24.65502,78.42089,33.6,Cloudy,Grassland,Morning
S0899,2025-05-26 03:20:00,Boar,Grazing,24.64691,78.50751,19.7,Sunny,Desert,Night
S0900,2025-05-12 06:46:00,Monkey,Socializing,24.40416,78.33767,26.2,Rainy,Grassland,Night
S0901,2025-05-09 04:04:00,Tiger,Hunting,24.6074,78.44985,28.3,Rainy,Desert,Evening
S0902,2025-05-09 19:43:00,Peacock,Socializing,24.37805,78.64324,31.8,Windy,Savanna,Morning
S0903,2025-05-24 19:47:00,Boar,Running,24.48587,78.42804,33.8,Cloudy,Desert,Morning
S0904,2025-05-21 12:32:00,Wolf,Grazing,24.53044,78.63602,28.9,Rainy,Savanna,Night
S0905,2025-05-29 12:32:00,Deer,Alert,24.65363,78.40934,28.2,Rainy,Grassland,Afternoon
S0906,2025-05-10 03:34:00,Deer,Resting,24.51314,78.3726,20.0,Sunny,Wetland,Afternoon
S0907,2025-05-19 18:24:00,Peacock,Alert,24.45687,78.63745,24.5,Windy,Grassland,Night
S0908,2025-05-14 09:48:00,Leopard,Resting,24.64309,78.6747,31.1,Rainy,Wetland,Night
S0909,2025-05-04 22:29:00,Fox,Alert,24.46488,78.51356,20.2,Sunny,Desert,Afternoon
S0910,2025-05-15 18:49:00,Deer,Playing,24.44817,78.43625,31.2,Windy,Wetland,Morning
S0911,2025-05-01 22:32:00,Deer,Playing,24.46676,78.38165,33.0,Sunny,Wetland,Morning
S0912,2025-05-04 02:01:00,Boar,Alert,24.40228,78.51401,27.6,Rainy,Wetland,Night
S0913,2025-05-25 18:20:00,Leopard,Socializing,24.49596,78.51774,27.2,Cloudy,Grassland,Afternoon
S0914,2025-05-26 13:42:00,Leopard,Running,24.58296,78.61196,33.7,Sunny,Desert,Afternoon
S0915,2025-05-05 12:49:00,Peacock,Resting,24.40902,78.44097,34.5,Rainy,Grassland,Morning
S0916,2025-05-14 15:47:00,Peacock,Playing,24.57971,78.47269,22.4,Cloudy,Grassland,Night
S0917,2025-05-27 12:45:00,Boar,Alert,24.66879,78.67099,22.6,Rainy,Savanna,Morning
S0918,2025-05-23 05:45:00,Peacock,Resting,24.57454,78.33732,27.4,Cloudy,Grassland,Night
S0919,2025-05-31 01:48:00,Fox,Running,24.65058,78.60842,23.3,Sunny,Forest,Evening
S0920,2025-05-09 04:17:00,Fox,Resting,24.5634,78.60129,28.6,Sunny,Forest,Evening
S0921,2025-05-20 03:19:00,Leopard,Grazing,24.31678,78.43,31.1,Windy,Grassland,Morning
S0922,2025-05-01 21:53:00,Monkey,Running,24.54951,78.44142,24.4,Cloudy,Grassland,Morning
S0923,2025-05-22 05:31:00,Boar,Hunting,24.42336,78.34363,29.6,Foggy,Savanna,Night
S0924,2025-05-04 13:36:00,Deer,Resting,24.30774,78.67271,34.7,Sunny,Desert,Afternoon
S0925,2025-05-13 00:09:00,Boar,Running,24.5889,78.39461,31.4,Rainy,Grassland,Morning
S0926,2025-05-11 11:29:00,Deer,Resting,24.5129,78.44728,23.3,Sunny,Wetland,Night
S0927,2025-05-13 23:20:00,Elephant,Hunting,24.41938,78.54128,26.9,Cloudy,Wetland,Night
S0928,2025-05-07 14:38:00,Boar,Running,24.55623,78.38704,24.3,Sunny,Desert,Evening
S0929,2025-05-24 09:02:00,Rabbit,Hunting,24.30775,78.6836,34.3,Rainy,Wetland,Morning
S0930,2025-05-20 00:10:00,Wolf,Grazing,24.50293,78.55845,22.2,Sunny,Savanna,Evening
S0931,2025-05-12 06:52:00,Monkey,Playing,24.57895,78.46678,24.7,Rainy,Savanna,Evening
S0932,2025-05-13 09:23:00,Boar,Running,24.46209,78.34917,21.7,Windy,Grassland,Evening
S0933,2025-05-21 07:00:00,Leopard,Alert,24.53214,78.43053,19.4,Sunny,Desert,Night
S0934,2025-05-01 06:39:00,Wolf,Resting,24.50975,78.31008,30.8,Foggy,Wetland,Afternoon
S0935,2025-05-03 16:43:00,Wolf,Alert,24.39873,78.67843,26.7,Windy,Grassland,Night
S0936,2025-05-24 19:24:00,Tiger,Grazing,24.46155,78.65836,20.6,Windy,Forest,Afternoon
S0937,2025-05-23 12:35:00,Tiger,Alert,24.41952,78.63851,31.5,Windy,Desert,Night
S0938,2025-05-15 04:38:00,Leopard,Playing,24.67741,78.45085,27.5,Sunny,Forest,Morning
S0939,2025-05-06 14:21:00,Monkey,Resting,24.45568,78.64843,20.1,Foggy,Desert,Evening
S0940,2025-05-05 21:44:00,Tiger,Playing,24.37498,78.5922,32.5,Foggy,Forest,Morning
S0941,2025-05-21 18:23:00,Elephant,Playing,24.42257,78.41816,33.1,Rainy,Forest,Evening
S0942,2025-05-28 01:26:00,Peacock,Resting,24.67079,78.36528,26.1,Sunny,Desert,Morning
S0943,2025-05-30 21:52:00,Tiger,Resting,24.40188,78.34812,31.2,Windy,Forest,Night
S0944,2025-05-05 19:26:00,Peacock,Alert,24.41922,78.68021,21.9,Sunny,Forest,Morning
S0945,2025-05-15 05:55:00,Deer,Socializing,24.32867,78.51019,31.1,Rainy,Grassland,Morning
S0946,2025-05-30 06:06:00,Monkey,Alert,24.43094,78.40621,34.4,Cloudy,Wetland,Afternoon
S0947,2025-05-10 23:58:00,Deer,Playing,24.39403,78.3326,33.9,Cloudy,Desert,Afternoon
S0948,2025-05-23 19:12:00,Elephant,Hunting,24.5203,78.54635,26.7,Rainy,Grassland,Night
S0949,2025-05-12 15:14:00,Fox,Grazing,24.65555,78.58418,34.6,Windy,Grassland,Night
S0950,2025-05-12 00:31:00,Peacock,Hunting,24.59602,78.46249,19.5,Foggy,Forest,Afternoon
S0951,2025-05-11 09:43:00,Monkey,Hunting,24.36392,78.60659,24.7,Windy,Savanna,Afternoon
S0952,2025-05-23 17:26:00,Deer,Playing,24.35905,78.39845,31.9,Sunny,Grassland,Morning
S0953,2025-05-22 12:28:00,Wolf,Running,24.52881,78.60784,19.7,Windy,Wetland,Night
S0954,2025-05-27 15:40:00,Monkey,Socializing,24.40134,78.68653,20.5,Foggy,Forest,Morning
S0955,2025-05-03 20:30:00,Boar,Resting,24.34649,78.67159,21.9,Windy,Forest,Evening
S0956,2025-05-18 11:22:00,Fox,Grazing,24.47177,78.53914,26.8,Cloudy,Desert,Evening
S0957,2025-05-03 18:14:00,Monkey,Resting,24.60189,78.5146,34.0,Foggy,Forest,Afternoon
S0958,2025-05-17 23:45:00,Elephant,Grazing,24.33051,78.59754,19.9,Foggy,Desert,Morning
S0959,2025-05-08 03:14:00,Fox,Hunting,24.67822,78.42814,31.3,Rainy,Forest,Evening
S0960,2025-05-30 01:11:00,Elephant,Grazing,24.48775,78.48098,26.6,Cloudy,Desert,Night
S0961,2025-05-23 16:29:00,Wolf,Running,24.51851,78.6263,27.9,Cloudy,Grassland,Evening
S0962,2025-05-22 01:50:00,Peacock,Hunting,24.37822,78.32044,23.0,Windy,Wetland,Morning
S0963,2025-05-26 14:02:00,Fox,Socializing,24.36389,78.38798,30.4,Windy,Wetland,Night
S0964,2025-05-08 15:18:00,Leopard,Socializing,24.50941,78.40889,23.9,Sunny,Grassland,Night
S0965,2025-05-19 13:21:00,Tiger,Running,24.45746,78.68572,32.3,Foggy,Savanna,Afternoon
S0966,2025-05-10 10:54:00,Monkey,Socializing,24.57138,78.3553,21.7,Cloudy,Grassland,Night
S0967,2025-05-25 11:31:00,Fox,Socializing,24.36359,78.47904,26.7,Cloudy,Savanna,Evening
S0968,2025-05-26 07:18:00,Elephant,Hunting,24.30665,78.49227,29.1,Cloudy,Forest,Evening
S0969,2025-05-10 07:21:00,Elephant,Grazing,24.53595,78.3272,18.6,Cloudy,Savanna,Evening
S0970,2025-05-08 18:52:00,Rabbit,Resting,24.61953,78.38072,23.6,Sunny,Savanna,Evening
S0971,2025-05-11 09:56:00,Wolf,Hunting,24.31458,78.45951,31.2,Rainy,Grassland,Evening
S0972,2025-05-01 15:28:00,Leopard,Playing,24.49739,78.64305,20.8,Cloudy,Wetland,Night
S0973,2025-05-28 20:37:00,Monkey,Alert,24.5379,78.43605,18.2,Foggy,Savanna,Evening
S0974,2025-05-23 16:50:00,Monkey,Alert,24.51709,78.55479,32.4,Foggy,Savanna,Afternoon
S0975,2025-05-15 23:34:00,Boar,Resting,24.35529,78.61647,24.4,Foggy,Forest,Afternoon
S0976,2025-05-07 19:10:00,Monkey,Socializing,24.59961,78.4961,30.5,Sunny,Grassland,Night
S0977,2025-05-08 17:39:00,Deer,Resting,24.64618,78.46122,28.1,Windy,Desert,Evening
S0978,2025-05-09 05:04:00,Elephant,Alert,24.36326,78.37716,27.9,Windy,Desert,Morning
S0979,2025-05-15 03:21:00,Elephant,Resting,24.66803,78.46638,25.0,Cloudy,Grassland,Night
S0980,2025-05-11 02:28:00,Tiger,Hunting,24.67952,78.39291,20.1,Cloudy,Wetland,Morning
S0981,2025-05-03 15:25:00,Boar,Playing,24.66833,78.31561,30.6,Cloudy,Forest,Night
S0982,2025-05-06 08:46:00,Boar,Hunting,24.50528,78.4769,34.3,Cloudy,Wetland,Evening
S0983,2025-05-18 10:12:00,Deer,Grazing,24.4538,78.39782,22.1,Foggy,Grassland,Evening
S0984,2025-05-27 23:39:00,Wolf,Socializing,24.38274,78.68539,21.3,Foggy,Forest,Evening
S0985,2025-05-17 12:59:00,Wolf,Resting,24.49261,78.66717,31.0,Sunny,Grassland,Night
S0986,2025-05-07 12:39:00,Leopard,Hunting,24.43701,78.38861,24.6,Sunny,Savanna,Evening
S0987,2025-05-08 17:59:00,Fox,Socializing,24.65169,78.39734,23.0,Rainy,Grassland,Morning
S0988,2025-05-17 02:50:00,Elephant,Resting,24.46556,78.6293,29.0,Rainy,Grassland,Morning
S0989,2025-05-10 01:32:00,Rabbit,Hunting,24.49852,78.44234,31.8,Foggy,Forest,Afternoon
S0990,2025-05-25 23:52:00,Peacock,Alert,24.47511,78.69983,31.0,Rainy,Desert,Morning
S0991,2025-05-24 20:59:00,Leopard,Running,24.69964,78.4329,19.4,Sunny,Desert,Evening
S0992,2025-05-07 19:51:00,Rabbit,Alert,24.48173,78.5085,25.3,Windy,Wetland,Evening
S0993,2025-05-19 12:31:00,Rabbit,Resting,24.34824,78.62002,32.5,Sunny,Wetland,Night
S0994,2025-05-01 06:13:00,Wolf,Hunting,24.57001,78.48681,31.8,Foggy,Grassland,Afternoon
S0995,2025-05-30 13:50:00,Rabbit,Grazing,24.37961,78.64962,32.0,Sunny,Forest,Night
S0996,2025-05-01 10:10:00,Monkey,Hunting,24.63165,78.45433,30.6,Cloudy,Wetland,Evening
S0997,2025-05-18 07:10:00,Rabbit,Hunting,24.32554,78.56531,21.1,Sunny,Desert,Evening
S0998,2025-05-14 21:02:00,Rabbit,Socializing,24.61971,78.34529,24.3,Windy,Wetland,Night
S0999,2025-05-24 20:54:00,Fox,Playing,24.58777,78.33732,27.9,Sunny,Wetland,Night
